Video ID,View Count,Like Count,Comment Count
Q-cEAhT2bUg,764438,14241,417
_8T7pBxJWxk,3600994,47347,1075
VgGSOG7YWxo,361257,7218,80
8-jrVHb6af4,1827067,26188,777
-zZw7zF4lSc,123012,2379,34
d1LUrsOU5M8,705782,11495,14
ex0PyS4qR44,82903,1442,98
QBvmc7POFYE,1034287,9767,272
Xm7kzBzXNzQ,816513,10183,290
OzfTQZVYKmY,3075115,33823,739
84LrMCGOFKU,782893,11921,543
Z5chRBbwkM8,1742410,19814,423
6KzL36MwUCA,557246,4964,175
igh6iitJaYo,637730,6332,189
7B3W6Tq54MU,345055,3390,119
GoK3GgqS9Ms,2444886,34032,763
_3NWiD2kWS4,4170610,55990,938
qZYbcytahDw,4279889,62212,843
mQmDRDuHKio,803028,11823,308
qRW08rRS2YE,546381,6092,254
6ZlLneOKPao,300047,3789,97
hrqp3z3F99g,4766072,65924,1479
Li8ixiIU_OU,920804,12767,280
STg0TVZXS7g,1922090,32687,786
pdS9hDBrzqE,2625092,44666,1342
fVpdPTTgGKo,3746096,44242,1199
E2uATy7iKkg,291529,4393,160
chrmFfxAkGo,4517901,53387,969
Z6RywLmpj3w,3459114,30568,808
YZfG-QIjvt0,93937,1562,86
bgNeOpg78uQ,291682,3954,141
8YMH46LLieo,347790,3824,119
maxZEnpH-2I,155813,2888,391
aKzp4x31O0I,601265,10436,421
chxpQV3_NtU,2254383,29065,515
vzDmvCANogU,1626286,24617,696
A_x6b3rsPKA,499701,5994,130
zVCUMZ03V6c,2780030,38171,1367
7Ism_fgcFxo,1003022,12890,336
wVTlSmOpMkM,3430776,0,1362
flWyIQJ13_Y,123408,0,71
8rk9mDqhWp4,278804,3124,97
cX-j7dzX8Qo,3598932,39065,524
GoQW90Rt06Y,3870014,50915,1528
-Cj7f90E3RU,3004227,23900,619
bdHJMtYcIpc,209746,3840,230
pewMESrly-o,434142,6692,414
N90og8QI4IQ,4796555,49910,866
aoc1_LwKaUg,2380903,21644,634
ThY66jHY-uI,1052040,16266,325
keP0IWdfS7M,3695255,39107,991
oRP2c10EBYY,4927867,79878,8042
OxtIR65xa68,751236,8760,628
k1fpYXqUNcU,601584,6053,221
78nzrhpRg1g,3307822,37346,745
5StlXqODnXY,102822,1781,134
qRuXXRsEafM,282259,4925,529
GcyADOk6riM,168524,2704,139
R61lOwPDQlI,17932,571,6
dHK4luukygU,764039,6844,65
sRs-rtAcSGU,2839767,29558,205
QxIEGhvDJZk,7033936,49116,275
eU-1oTctttw,1739128,19364,159
VkDvtfTXjMI,3970128,29926,42
IenvkMG1xiU,584652,4200,18
gnNXkJV6Au8,382205,2481,17
dqtslBVdQ2Q,3584777,32109,113
SlwgsnXRHqQ,2739872,26397,159
VyJM6e2m_sc,1015838,12433,80
JGqtUPG0Y3s,288639,3552,16
vj_ee_6T6ys,1467750,14436,61
iWDeFUL9O2w,76087,628,27
tBs8xGxZz78,1403042,24049,52
PyzONo5RcTg,979685,9087,51
0Ufy4vhlUoI,1424358,20888,58
zjs4lmzi2OY,4299139,42081,25
mJue4oZeC7Y,584456,7156,39
uLhQKQQz54w,330655,5577,13
Up1dhZpmPI4,427549,6338,13
3HM6Se0yQB0,4424858,62817,77
B7K-jDKM4Vs,1086262,23384,155
vG4lOlGCdv8,814092,9757,32
avysCMBPWtE,156670,1870,24
_HpNfyYbDrs,448489,5577,58
oYA04f4r7UM,104332,2687,148
csnCR5C-0b8,66532,1094,11
6H-kftTwyk4,149626,3392,183
vqpD33LOaKQ,215257,4193,18
3gZ9dJs6H1Y,53328,687,8
N5IMU1knDXw,2005268,51599,81
PPtyjyEqIv0,559728,7180,29
QN8M0PovZSE,1134277,18499,500
95myX7HIxYk,4995888,57264,957
fcGBfVN3Sds,1979423,22522,676
jxiE72y-FI0,2420243,30751,648
gKTg9ox28yI,5237233,54388,1083
a0101E0EuEk,3415342,29685,849
unoKqoBGW8w,2964230,30712,415
HHhmO7jtuWU,852295,6986,123
xN7A5QtgQE8,924124,11506,229
IM2jDoGwX_w,2167181,23657,604
PEoOqLu-yBg,481295,7716,295
oNeQRYQ7q4E,1514227,14261,339
7XTfubpo5Yo,3643547,30511,398
HbUbZlLye-4,1185589,14529,681
h74m7nB1GO4,1499116,14145,429
Wa1Pau9YTtA,2153684,26175,1113
E6FeIefHnE8,69301,1890,94
O1iZ5e_Grzc,959050,9834,288
O-NY3rwQMbI,298834,4062,184
Ez9mcEmY41I,353647,4384,122
_5TGNgotWac,141495,2410,25
_SozANG4sUI,2268430,33243,918
zt_Sq_pOglk,261555,5908,326
bI_lKUSz0l8,100250,1665,125
0hHCHPfM11g,252921,2389,111
eoRwejZc3K8,53009,1183,51
8sadyBef2Ms,282833,3334,144
GpMDKRMPjOE,758006,8202,76
uWUJ3aVsBRM,105640,853,27
NaR4F7S0gB0,130387,864,19
V4HgsuaoVZs,1329586,8550,32
9R8thoB4vso,1377139,9231,31
f6yZaYsoEJk,667769,3497,16
DtVIbbqkzhM,333965,2633,22
Mrd0oHoS4uw,57903,547,24
-pXNe8piyNU,527887,5450,36
hULeqITt_S4,1178675,9866,32
PEYxiNPrrk0,89924,684,10
QwXAYgxEgsU,104272,654,22
TWz8Z-o_CBg,432394,2813,40
fUVYF9AtHd4,234242,1804,32
N6GWzVsAFwU,2151167,18691,120
ir0j_BuwVGI,206207,2805,60
At8LcbvbA9g,330204,4077,51
aJr0bDJ9kxE,391827,4289,52
_XfpiCUOFZo,184202,1842,25
BgvBp2vPggE,199099,2930,23
jBQCrEoh7vw,85183,1069,21
Pjy2Bq4z6GU,309068,3267,28
-gbij80RHVw,754409,9225,84
SYt_xB8afaM,268631,3308,39
CS8Vl4LTmtg,977411,12501,20
FdgH1EMpuh8,74322,1366,13
uetB_d2VgO0,227088,1949,23
DPbu8U5cq1E,298123,4600,30
yIVkOgchCdU,633684,3473,15
Nv5tmXr3H-E,1082608,10646,26
sHYj4OUm2ho,1334025,21423,83
Ng1f5egSW3U,234945,3599,97
BZ6Y6oOUCgU,1449094,22842,52
BuBUvquRljk,42922,0,30
ttQjUnzpZw4,119278,2143,61
kZL59WKbvs0,575579,9760,43
KOTFW1OYe2o,791968,9114,39
z4FHHMaRnmA,156916,3390,90
ByZEVhDEjCI,239304,2664,91
FATmi5KCqmQ,266563,3947,143
JKT3xwSB0c0,144227,1474,64
tC3n8xfo-qA,586461,6409,239
6a_YPiqF2-c,401057,6367,283
s_aQRjeE69g,529393,6992,382
Hf1_12w151g,2782689,32992,1146
cAI3dkXEp5w,198556,1589,67
FFmy1t_Yvc4,843030,11749,344
YO-U662C2WA,191878,2100,106
_NZI4HageRQ,272085,3959,173
UbWN31wO718,481601,4198,129
xm0YBwkyzGo,1908471,28138,965
NWB3vzadxiE,394855,4832,199
gMXilhei0Ec,456663,4752,178
S9N7iePN7EA,481979,8721,190
mACkMWS0LSw,458179,6221,212
E25RII9cCqE,472326,8136,335
wr2oj2TYoEY,361001,4980,90
f41DhVpiv-g,1866409,22096,561
8BTSAvGBTwA,280137,3011,172
HSa7IAJLXPM,630577,7720,236
-3rGtR_J1rQ,148121,2321,169
nF9nuPDpw_0,434007,7833,550
_8gxqr9eiuU,87224,698,0
2ISlxPR70oo,19411,343,0
VhMw3FMJZt0,2669,17,0
xvLoT7ejOww,235,3,0
f9Jqzl7s84I,1504,6,0
KBm-GReZAqI,248035,841,112
ozu82n8mHFM,1964,29,7
tIHaML6KhA8,729,11,0
9_i4Z_v_H88,1044,11,0
t_l0lzoRp-I,844,17,0
ijQREsw3ZQw,2029,17,0
sBtNWm9zIKU,246037,1806,0
KWkeBaFM25M,12535,94,81
lhQfavLbTzQ,37647,861,333
Wt-5MWGCnJs,26884,698,118
z1YP2nzEP1Q,2072,129,61
eyJHphFofjI,2687,114,55
SutUiu6d4Iw,6829,376,110
15jelO2VXY8,14419,485,98
NBn9kQUt1Pk,19290,353,120
DAtMH4R6oQM,3132,79,34
9fKcl3kItng,3704,180,57
-bLoqjH-KLY,19232,401,241
bPxBe2fg35g,2488,199,71
yiH8RG1R0m8,2698,116,50
bfd-fBTCFuI,2835,82,34
puZy86oLRNA,0,0,0
t0KLuAWv7do,284773,3863,1453
ka-STLHgGpo,6656,156,39
vCqmAESDnKM,3486,90,74
8cfweBgx41U,6903,171,65
AzBBjBanvF8,12318,213,73
_62dpW9KiGA,10111,269,164
9wAKRFYDIQ4,2078,88,78
7VPx2aCZFlo,8752,430,170
lVOzzo8Uh9k,5317,173,73
qgz0D4nmzCk,17629,336,174
SxBfMviGMw0,1776,74,49
ubhIkV1YUss,48585,802,216
P41cfGNBCIg,1922,88,22
ZifKDJiM0zI,9687,354,92
oLgQCcW8MwE,72567,947,326
ToA3YTdKSaA,361437,5598,1790
8JjEz0Tw9uA,1279,66,27
D5gHHFW2x3w,17157,380,136
-L4QaGucxdE,14256,436,188
i876LXJgsok,27756,949,198
QITO_1JsW1c,47941,1426,268
gqElSdaKQTM,6072,217,50
HU7emQc9hd8,3181,161,77
a1Nm_2uXvhI,4288,320,71
olLuNXeNXnk,4511,285,75
BGujazrbsyw,14587,542,99
nu3_Dko3ETo,3355,244,78
vORwmKzL5hQ,4917,255,88
7N83WgMhGFg,32524,776,84
HGkmphpe8uM,1124,98,56
qpNNq6QFmuM,1958,116,85
0SJ_E6VIB28,135033,4362,506
uKZcYU6MxMg,10718,238,88
GdPYH2LGYU8,2036,175,86
lKh3kVzr1d0,6534,208,70
MwGHSqKerOo,4877,193,45
yTJoJV5VulM,1024,131,23
tifIFfqM7lg,2773,133,28
yUIysAnpO2k,6266,189,33
X5lKl8tTH9w,11245,361,134
GBXtb7l13bY,11675,404,123
Vre8NTDyDgk,3192,172,51
2W-cSqtVa2s,1971,96,58
sTN5HmiDQFI,2148,137,43
vO4jGIOjjBc,1025,83,21
IIdwZofDi64,7352,108,34
LcMzxK4wipo,3395,116,82
r5Ep8vTgHbo,1650,117,56
bSgcPeiGSeI,20628,271,71
HcvgU-dx7wE,2288,136,33
H34sOwyicCA,1671,97,13
IekYcdU3Pl8,828,72,51
z1Y3EBAexow,4611,170,113
lThVy8TD3yg,4997,238,64
DM0h3NP1FZk,1776,138,23
JbRTXTHPPSk,3239,324,86
xkx3Emwq0mQ,1410,103,18
l3vRXBLFj5A,899,71,19
b2F8wBaFYm8,1737,107,28
s75l6DVI6WA,2677474,16232,1620
Vmc3bqrUrJA,344067,2599,250
3bkS2hVJZM0,246528,1250,125
XQvzrAOXJx8,42022,1324,53
xOdza-g-fkU,11504,807,72
hMM8ZOoJZrg,12637,890,77
el4RuUzpdEs,3020,299,21
q8H1QnaVpzo,13842,917,62
Z5uC4dN6qS4,11302,642,33
B2KB93_8WlE,23828,1432,51
_axjtAbqd6U,10901,765,54
VyMm1lU4_N0,18920,676,16
hNLwfFhX9GQ,76686,2004,67
zjpe12HM-pk,111836,3338,225
44SXzqbrMWg,45658,1118,128
-qh_ENBmkk0,16236,939,42
JCNW2zZ2iGE,13429,1137,155
qhExsHgVipA,17005,1510,115
IGDtt-MM0Bo,19003,1415,68
n1US9aYYpbY,162771,3557,239
qcFu5fAiYcQ,13730,1285,93
Y9EeZYXev2I,12948,1086,74
AMvxJDDvJdU,1501,175,17
5lJUVvBzl1s,3165,390,25
0AgEOisahXE,9089,764,44
yJJ9zY3EShw,4194,426,44
LJVZTzmf-Yk,145854,5609,549
8L0WHBuAMOo,45873,2129,244
9v5cbDdzKbw,30340,2653,164
sywulHB6BxU,9728,945,55
b71KmyCAeIE,13978,1163,48
FLra5yupzGc,10077,945,52
bruzUbDMQJU,4102,435,30
csBlhSP3F0E,7936,715,71
sVPw2O0L9G0,409958,8634,381
C6VEIWykx0I,59433,3582,333
tOfzlbFYuvE,24872,878,35
gtCLiwroru0,17469,1640,107
ZJCBnHZ0YJI,174429,4874,617
-pAw3q_jRNo,33015,1669,131
7qr2i8InfE0,40979,1810,160
g0bR4rQN-80,6409,593,0
kns1fdrf4VU,7382,470,41
WGIGMmv4agU,28674,1318,76
h59_szYy7i8,16947,984,83
qlNGoInG2b0,14699,1141,116
kMmWSCJq7pM,11550,1265,173
RnwhIxzL8p8,9346,657,57
Vl_O7h4apVc,6393,520,43
Yt2t590RDlg,8051,600,28
y0HdMaJy2qU,45435,1715,53
umwO-zu8Q7Y,9338,655,43
wKOEMeOz9kI,68443,3904,175
EWxc9jvylKA,101696,2739,233
Oyodf_xMuwI,15255,1219,66
7ZbGZppdhKY,40790,2396,212
bfYMA4ItDPs,101201,2472,120
6My0PpizQ-I,10709,626,81
U63sfKEMjlc,24097,1134,87
f6ewf00cTzY,6411,599,65
WFDr--cisA0,14961,1305,55
Epqn5OeAV9c,9104,829,50
pIU_z8gQSiM,16310,523,20
IDnLLHw-5nc,23810,1131,40
nY-YiI3hP_c,12294,989,74
r5_rGPunG-w,20422,1374,95
MXCU15B3TMo,5722,677,30
0NNToG_7RWY,32835,1459,56
fBCdpWADK5Y,35832,1249,56
pMROnDzH2-M,14203,997,71
VhNezZtj_Fg,23119,1661,147
cQyoDpQuDpI,7745769,75671,4694
SgrfCgr4cyU,3274019,44180,4153
aT6vT_5bXnY,2133707,32949,2504
MovIpxxyOlo,5531963,83046,6983
4DfzRRkiPX4,14745846,153970,15556
gS16butphaA,8982125,107878,12435
FSogD7bAHF8,3687208,78632,3242
VXjrCIcGZmw,3813355,71427,3884
lAMO3loSfQs,5874488,81230,4234
wTlERUE8LVw,7474580,62394,2468
v0NNI5wS_GM,6862851,137829,5338
C__iyWJkjgc,2190980,25403,5635
d1HgbDeYGn0,2975632,38635,2260
bq4AjFOMQXE,5163365,76200,3067
7lrZgWyWBIw,186578,3378,239
l6nVBzWat3g,339135,6363,521
qZepgxbipg8,1573991,32335,2693
toLrmEYv8ZI,2155231,27326,1443
_HcznRJDocE,5474420,79118,6006
X4HpxvL2dno,754716,14925,1058
3pYncauIZ04,916507,14762,1653
8iV0Gnw2IYQ,257929,11349,829
y9gFSwPPQf8,855460,14543,1177
mRnaCEF277o,871816,13023,866
kfVaG74e1Sk,299865,7411,419
CUTOxy-ibU8,2834239,49433,2977
cVw5uPVL4CY,2152782,65805,3815
gJ9rEQGJBF4,1823499,29665,1460
Nk3M8nfWaPY,1660318,24797,1861
uDIWVhClXZs,9950322,125938,9611
5fOTfDE1zG4,6316976,68163,3446
YmemLL-_G24,10106415,134690,6861
_cURRf5FuWk,2759184,46989,3073
Gqk2iu48Oxk,933846,16465,857
8BvdYZ68KEI,15416,1185,267
Wehfazp3HxQ,598194,2729,188
3RLTxHCkD6A,33780,196,4
PvvHNGongz0,1546785,15595,2523
AFOR2qVjR1A,60369,295,518
1-B5LQQ1o8c,91093,568,586
7SKGXkZKjV8,7039,116,26
u_LmQ_vugTI,5582,11,1
tPeVrKKkxCU,548,0,0
A-12WUm-wPE,169028,2043,858
oLqhqPboxwo,996296,11502,2679
SEHcakm-fAc,245070,979,381
9VTu2NoyWaU,18043,126,18
zeMfFczwV8g,96959,575,63
9X6IORMrG8A,133147,1246,1442
0GZvoZUpQrc,298065,2532,668
fCjTmzbvo-8,133160,571,295
AsQRbH-qN8M,13558,314,44
ySAKr4iPUDU,13746,351,30
hriYBkaBf6s,66266,593,489
pgCTIIiwkTk,27126,234,81
o2gEYFrngw8,157001,1203,699
fV6JBvz8bLs,358996,12045,1457
yb7ESpoA8cU,162365,704,309
WPFzs9Wk474,420,2,0
EGVX3qZzZRY,36155,327,24
z-79LVZ934M,8880,95,1
aRXDDX9yr_c,26759,374,104
xmVj8aDf6C8,38826,615,540
gYHzsqeObZw,27971,293,140
8Y5kPjK9ARQ,4328,58,6
hHW7jcALdko,386,43,17
M6wnZCYU-GU,394,22,0
SgqiutNqx-M,677,13,8
LmPFFqJH6Qw,191,3,0
L0kB2UgG7rM,71,0,0
iYQ6rh7JAvQ,514,13,17
gO210j8NUtQ,136,9,11
qrp2h9JhjjY,2967,116,19
68z0w5sU5b8,3292,110,22
8pEocfz8c5k,10777,279,18
BGakwYdbe2M,6403,467,28
zpbBjot4bzQ,16079,707,50
EFNXGJkg-Z4,45561,2673,181
QZsgajZrRXA,18027,836,71
UP_SRh66Q0I,1930,115,14
6S3WSDbaamw,26497,902,54
a5kqCTEuWfU,4451,183,10
hVuYi1Oaxh0,376,17,2
BUbieeQkJhg,762,37,16
g9djczZWgIE,27237,1210,65
7uXjHV-dQyk,326,21,3
cPdIKW1T2do,70685,2572,68
zgE9h0PPY5M,91071,2925,58
0wmL2otfcdU,5022,208,23
TeeOsth2t-Q,4083,178,9
MsnU_rv9cwg,28224,1055,55
-e_64O1juxA,22340,719,51
0nWyGsI1vWw,9384,360,7
BVwdY6WkGxI,1506,67,3
XX8bltC9TvQ,31367,1039,25
8TuUeyC25hM,18763,224,45
Vo1MZ8qqzQo,28919,505,18
XkJTV_BftVQ,2808,369,81
mTmgaxtgSJ8,1980,68,7
aW7yOQMKRFM,809015,27860,1462
aGd8k3UwPCg,672,51,15
zxwRkpBUczo,11720,416,23
5Rb7adnfzZ4,611,33,3
rx-PMsrqSwU,3713,197,15
Unrf5IT1Rt8,1199,24,1
SXb7FGWEFec,14382,262,8
qbSXdGWTGBM,450,12,2
eTEqly7UAKs,1656,63,7
IxzFGfQncUQ,882,46,23
vOKHh3QY9HU,13123,416,16
gMDArNX93tQ,11683,593,20
iV-dB7nHDq0,451,24,2
hQAG3DnkmIs,8756,170,9
8GrS-ehuhAg,2742,69,6
pbIW5irIweY,13993,389,18
ifF9nRfJyfM,12295,700,31
Bm0ONlju0JA,30172,2486,149
aPrL4D5Qvcs,560,29,7
LmBtqFkvIn0,5285414,73907,0
u4GsXRzTqf8,8672762,37485,0
-grZlXvn1Pg,4455652,25959,2043
TFwLNJXr3Qw,4856095,39751,2474
Bh56fa71kZQ,522471,5748,3400
nC06l5PU9BI,200035,2452,979
a2ntsO3U_-s,318579,812,0
yySPUbGvuKI,223853,2664,1062
lvFBrGUdyaI,258762,1981,1762
C832X6m5zbE,297659,2934,1935
rwevXW9igSA,315097,2103,594
SOcArtrkU-M,68291,657,227
lQWc-_bBWQc,11782,175,26
cRW4_eln700,128569,641,82
-PWWlF1Tyhs,18425,322,21
71vbGDzUtE4,2719,119,32
yhSk2Emu0F4,3571,136,30
GT_2bChoG3c,2983,75,31
wL69t5dcXHw,2152,55,19
KIxZ9pydH_M,3561,72,26
GbxzuBlOIhk,895,28,7
n8kI-sklJaw,275,10,4
WcLwIo4SgQM,543,25,14
DmCxcW44Odw,1914,48,12
J-uXOHvMCjc,5409,184,21
-dCe-0gUmwA,2378,66,7
Ar-2ucNcbZk,705,21,6
divtfxDNKag,310,15,10
jj2v1O6bKBU,855,25,53
mx5IDzlaE2I,185,18,18
Q5Z57lCfY70,282,15,1
hhHE_jUoHtE,2419,76,158
4GI_myydWvY,796,32,12
4XQi4guk5vg,269,9,24
17RwVh-p-jU,265,24,25
DFW104k-aYg,10338,153,40
Q2NM_jPN_SM,4724,104,8
nWesMTeXbAc,3662,81,15
f-kHxnTwP6I,862,27,47
4Q93z9-paKs,3366,83,87
7AJjvS48pOk,1515,56,17
BwQAGB_dinM,3052,68,5
f0ZgJQbzjAA,213,10,10
WLtn_zjCwLA,20598,104,85
6sKcV0Y02i8,224,17,4
CeoIf8m9knQ,2524,53,14
_usRIH-5sew,12714,208,77
GtBth3A_C9A,89095,346,0
86gs985X5tU,1468,27,0
2qqc_Mx3zuI,1566,22,0
sD_UK3FUGxY,7408,3,0
QVp3nt5oZk0,4719,30,2
HTg90NxwzAA,2280,10,0
yAqGMfTYWZQ,119,1,0
NLq4Ng3O7zw,3033,56,2
PHa0gPT57cs,6255,33,2
LaBK5S-Xt8c,2892,15,7
JXig-kXgJ9o,4756,33,2
u3HPh6BWB5k,50684,419,21
SjmXYUHEoQU,6466,96,4
4xY1Lhe-8u4,366,3,1
3E7o3l_k01w,665,16,30
f-RqI_1OvL8,238,14,20
bKMT8uGQYs4,702,49,8
KZiETX7u3qg,1987,52,16
ra_15OTf8uQ,138,3,6
FXNWsQQwDA0,1469,38,10
G_Q0Jjov0lw,893,22,20
8b-XmxFurWA,197,8,19
ZBtVDKxaaCo,26651,436,58
Fmkdv1VjvrQ,112,15,20
iEoZ5KitYDg,3127,77,11
V9LgfkmAhBI,257,10,16
NOJJaHOV7dQ,1211,24,4
JsEPnwjmMpU,293,7,30
nCelrgdKmj0,525,32,7
D6is244F6XI,1068,20,10
uKySDFpH-xU,1097,82,17
QzajrwRMr0Y,1782,179,53
FMAEkQn8208,13127,384,33
33Q14vlsZqo,1575,45,14
WvVhevrB8kg,786,19,6
CgYpx0eCBFY,1949,82,7
l0ax7uKaDh0,476,19,2
PM6vFN-SFpU,11461,216,51
l9UlnZaDsvI,522,13,12
HjZ7ieWqdu0,1671,19,7
o0fdUa1b3i0,746,13,0
Jg6HvCdYcdU,247,24,13
azAs6xPIOeA,3067,94,22
ARbPGL8KKdw,73159,985,224
JGkhrd5j3Fo,59931,1182,388
g9JgpKQaay0,49247,1488,220
T6OpdSJYRqE,17076,330,127
GVjNHhIC_9I,65484,1343,328
99fs2R7d7sQ,23998,906,123
CGUCzt05VNk,44363,939,196
Xe0-gR7QLzY,134493,3346,433
x6et_mlkDfk,37526,1063,232
8pPfRksmgUI,11123,368,162
doRDwc2Ya1c,36008,918,212
zyzWB5E1LDI,18661,892,376
LjCVsoqlqXc,173,6,3
Y5V4OD0VL2w,185,6,11
kgUAiUr2_MY,84589,1669,319
_P1SHYsPKxQ,255516,5875,768
eV66hRLAl8A,1207386,33166,2355
HReZebELtow,230009,7542,1203
2dD8ZEnj2Dg,116478,4398,596
J2vr5AuNAC0,284403,12415,1033
ULwXOAFO3uM,162724,9888,738
zp9wrbAZEKI,475059,26712,2230
X9uOURLpJXk,118876,8879,1332
Qn3QZdRroVE,65808,4647,605
jiT0MP2torM,350647,13271,1020
NPgGlRbnXSg,388739,14208,687
MGQieW-HRww,86470,4460,199
AHzUp3wF1Gw,114556,7376,960
uGp7m2EGrzs,64109,3741,270
djhF__0EWrY,70304,3425,174
NlKkIA5lW-Q,198006,10066,720
NzyCOg9yKOg,186499,9648,919
V2V6r1xMe28,33076,2424,247
YMMaPzMN0Uk,59279,3824,473
WlPM99K-Os0,148601,6586,376
n2QQE2QgGt4,646795,31489,2934
77a3CJtqZgs,105740,5997,794
6Xi5e8lpOyo,77048,5092,237
HfM_jRg_4rU,159320,8088,264
KtyE8CJUnqA,77404,4400,127
eQ1K39Li53o,341271,8471,197
FjOoUAucp5Q,346886,10707,954
4KZ_bBwg0iA,421806,9238,1826
V5zddbxFt10,444954,11969,2907
evD5wEOafNg,95395,3305,824
aCzagvvHfrM,74796,2767,316
1Es0kYdryIo,41810,2523,473
ji1j_pWB1eo,93754,6041,841
rZRqkLDUJMo,49000,3865,731
NY7WkZi_KJw,126830,4761,448
NkyPghe6xCI,135606,6944,526
o1QveClsSHc,965040,49762,2957
ZY-me6ZLWbo,137155,6697,661
wz90fu3QViI,1271513,38312,2188
a-syc1wfO8o,81557,5191,499
wO27AUykhWo,47858,3121,259
iOwbUK5Udrk,329339,13411,1060
saMh6aFwmTI,275806,15684,1241
V_jBRswt1f8,75676,3646,306
u-y-dQbT0GQ,37312,2365,211
dD048yYCWgY,1787415,37044,4207
gDZezDDUHj8,43141,3141,237
5n1cd_H0cPM,26684,2101,95
NJz1VnMofRQ,110729,7720,667
cuGPn1yNiA4,249455,7633,798
rF32p4fgzgI,210988,5588,251
Xfy-C-W8GjI,60727,3019,311
aGGkzRhhNyc,87150,8051,721
jravO2fkiOk,347406,17161,1965
Tpy1TCoLInY,95369,6441,225
Iz9Bg4PXps4,13080,1220,47
qA4NGYZQ-mU,24546,1783,91
4MxQ8RsauA8,117451,4504,388
YsyFvM4KgIk,146158,8023,257
DqKAtJZHhlM,17215,1034,65
n2oup0I-WGE,28560,1584,121
PHI0k24Q9Oo,9308,414,14
rAfu0-y2Jp4,21437,1601,152
zlRyVK7xjG4,131327,3691,498
xYf0qQkrp3I,29014,1153,84
zihLj9qF2xo,35279,1227,223
T7RbuYIJ4zc,218080,6055,638
eDvP80AVwRA,954441,21676,1766
p2NTq4nx4s8,70141,2867,318
bgSrBqcY17M,218199,3647,224
nE5UNQxN6MM,99026,5506,657
kvbxSHTW7-A,119854,4395,635
EYnqgk8eg8I,108365,5484,879
PlaMItN8aa0,187811,6654,659
gGE8DnvlaEs,92311,4191,538
gu8mynNX5Tc,40311,3614,509
vsAi-9CXgrU,123484,7081,831
ALf7wbf9ZOU,48244,3742,436
Sw2CCWma7D4,117413,5368,783
6MbZlIOM2aY,50504,3744,455
JC8RqTQWQsY,86327,4739,395
texpdt06WN0,62476,5422,700
1IsOL4lFIUI,42953,3007,536
4C4KH01N6J4,55715,4018,533
gda3XFGIBDc,159422,9024,966
xwMP8bc-TBg,53599,3593,362
UZkxfvmT41s,127634,7015,588
PG1jqH10PMQ,73802,5203,481
XXFKdSGnkZk,86896,5639,573
PhbkIxXk2gA,60109,3572,559
PUvjCZz7h6U,43837,3308,327
deC_kKi3jVE,63423,4659,527
cv0FazANxAs,74362,5649,413
VAyMJ3XYdR8,121097,6336,718
AxdlWLN-XP4,61226,4763,758
fv_XUdnuUsc,55156,4045,597
4WId7HP4dyY,50591,2619,394
-TSwr4PU3Es,40973,2572,398
--wOq1j3K6s,41168,3990,408
RLPz3-Z-OWs,87335,5006,792
DyL8vrzDnug,37354,3228,274
zYUqFrrgx7g,349952,20473,2510
rfu3owWe0i0,56018,3920,481
hPASwBNntk8,32264,2536,222
IbXjLk4KkR0,38671,2522,359
JxCSFJAmB9Y,55802,3503,380
bYDrqgyouxs,118173,6337,513
l5QzmmO6jec,85594,5014,535
1uRH7yk-zJ4,35598,3687,430
HJzkpN0dAwo,55123,3623,406
0DgOwSGtFEM,65538,5429,559
09NH5SXB0_4,162899,11406,1244
FjZlkF6NgEY,26587,2035,324
Bf3-UBYRoQ8,191673,15642,1702
uC4oowFB5SU,142800,8268,1046
5fCRCeX4qEE,33069,2424,275
RKOXXFWHlt0,67276,5476,537
rYA7gT3rp2g,66028,5216,418
ZZGWbVtWfTw,69367,5041,388
L--a9N9OqnA,69502,5488,740
6oVfh58skjU,61766,4820,504
XApq_amzFBk,232845,13200,1629
yOumiuaxVPI,58382,4036,601
ku77ybqDQNI,112883,5370,711
2TwvyjOHqJs,165396,9023,832
rqf4ELnar5g,50954,4115,369
0NnRy_R9tSc,64216,4771,539
qfBGJgTQ_Aw,38730,3515,445
r8Lyth1Azt8,53869,3629,231
B8PK6Kwk1Kg,45202,3571,292
u7Zd8h2dnpQ,85902,5462,496
GN5YUeOhzGs,44494,4330,534
RwfMXlWZYgA,69629,5461,953
fTBnwGXW_4w,55907,4308,477
DxQP1d9289Q,44634,3475,267
-rHozAIzWTo,135046,6822,530
bpzo3QjdL3c,48741,3344,369
QNFIdUVsrQk,84901,4938,592
fYdMnYfG_6g,82957,4321,310
GAtguB22yjk,81256,5157,524
jyXKH_ZhwlY,134674,6197,653
gn5uCISA6_0,46560,3377,384
2arvb_skG6w,55379,5186,419
7okkgmjViGw,297979,15223,1195
_8opfCI7T9Y,52344,3267,270
ySJr2HQG9nw,44068,2758,219
hGxIrlY35JY,265590,13126,845
Y4BZ9PyuoS8,67330,4081,507
DT6yZSpNXSc,142869,6212,614
Xle0bBqIHuQ,44281,2789,213
N3ToDeY2TMo,127299,6937,671
o2vcvO-3_AQ,68007,3916,294
rtkvgREwx2M,73743,4840,300
WQ9LhMGfK-8,82833,5381,548
HBV51mLZHs8,47860,2187,160
HO9dfFe4Fdk,106180,6206,458
MaAML6zfNFw,82485,4080,395
DKjntZimo9k,122048,6584,447
Euk8NI_wm1c,84837,6008,791
m4_foZdokWA,147608,8592,878
0fzp4O3Kt1E,32747,2250,114
tg02gldGZpM,63037,3344,305
DQUO8jat1do,82507,3980,308
19gfra9rlE8,256677,16855,930
c7cMjmscYKE,33576,2978,293
fhP6FVhyFxU,36888,2660,189
WtoAvpbug5I,204300,10024,601
zpMeZ--5Lak,73201,4176,244
Yvy6JFllG8s,116732,7375,847
UwxQPXQRjZU,91252,6566,366
bfZxwZpvLuY,144890,8085,430
_Aw_Oa35DcM,143886,5739,397
H_wlTHRdmqk,258379,15207,967
kEPd2dQA9ZY,66951,3719,393
03aUsTWlPEQ,205854,7845,492
dMlPX25Oa0M,633256,15380,1128
ZTILGgkzoRM,54201,4907,318
b_ZulQd93Ro,103246,6621,444
N_97TwVqgXQ,124048,5546,298
bq7xGP9I5No,198911,7991,550
ptRAyUBc630,110183,7723,654
y9hhRZmR1Uw,89189,5427,290
2JIx1GLC-iY,149537,5462,890
qi4c8cZ185s,82563,6005,672
erOL45lplVA,60985,2970,176
Ikpj4C6202E,699488,49376,12602
-49g3nOBmaM,257675,17917,1067
aJ6wdzlGDyg,160526,9911,726
wbb71rPNjgg,111242,7739,640
Kn0k33gZ0RQ,79858,3913,212
AVc1g3-0zk0,109916,7660,619
rsqbNA46-lI,67554,4015,208
yKuGUkhEgGM,59685,3611,206
DT6u5ALdX5E,92120,5049,302
hKPNFf0JZqE,98163,5549,333
XcL840oPj74,37598,2620,118
f4PLWy4_CZE,400941,14117,1266
7YDRiosqCwc,72411,4971,333
ZQBUwT6O7OU,89316,5522,393
cYDfTA4dhDU,351137,12515,1012
PpciC9CcDnc,48430,3879,225
6qS_QYTX1VU,104310,5109,262
Y_RofgIz9VA,139243,5935,362
S6f_AMf17y4,91241,5435,719
Am3kV9p2zpc,41312,2215,481
CzcTQDBSvTY,46456,3124,177
E0KXHjQHfk0,64052,4433,206
gGpjiBODmC0,58377,3814,196
041m2IZkqT8,28546,1777,157
b_Bk_n3ooxI,77522,4442,292
jiGOwVpd3sA,98614,5096,449
ibaggMZmNvM,51860,3289,139
h9mqvYaoDCI,70442,3247,166
PJ5IHYcCyMw,51679,2544,116
6TMA6b3Dt3E,133078,5774,312
dY2QU_PmNqM,84716,4070,241
wVU1H5Eoh0s,43235,2687,289
wc-uDzXG9HY,77701,4333,181
syw4NBbe5v0,62601,3361,142
_BFeJhEAxII,100468,6331,451
p0LUt7u6PPI,67001,4075,198
h-pxFsQauPY,77240,5058,402
ncblnlXR_NY,31700,2089,121
MxCDRp4rwXg,56277,3034,180
6cfnVcte91E,53476,3210,131
RVI16IbsOlg,319762,21223,1164
89nPDVF2zE0,98659,7499,280
dP5ioUsc_4Q,138458,10214,639
-CCZjocli4U,176186,6675,297
uFEbfSomrIM,137239,5763,163
Agf7m4JKjmM,64110,4722,269
JwW9CdrNaso,136652,6396,168
UF7vGUN6XG8,494794,45297,7887
p2ByYoMk9K8,155217,11099,409
doA50LMLhYw,110697,7592,1056
-_L5ZEwmN-k,70697,2889,116
g3GR9K1AxPo,109780,8186,612
F8diRgBku3E,157260,8150,563
jreCVGF3jlg,195531,7824,808
GJHjLagz5uY,115818,5294,369
WBI-6jEawk0,151572,7611,612
UlyVPrPw1Xk,119519,8078,426
JaTKkyjPbuc,125989,7932,560
MMmmqqvbG2k,94498,5139,137
13kKS68USfw,66382,5398,200
25LnMcV3el4,55976,4354,238
zb3PflYzUsY,127372,8714,497
UfdYnAevL60,36506,2667,97
xpJj2JwQvNk,73495,5862,413
H7YCRs3zo6Y,42193,3159,169
Q5QyvVOnqbQ,105221,5275,228
LzZ9bBUbcK4,100511,5414,221
33Y_Vlf4F7E,139875,4073,267
pArIUWjfygc,49175,2485,124
6aRN5IxBkh8,102096,4821,195
dc_94BhdFkc,30875,726,141
iTfBvFTorI4,693216,26561,193
5rSz9JKsx30,24300,1139,161
c59zO1IBAYE,21862,1095,57
qpL4e0cUiSk,103678,3954,133
UHQdvhMlSag,45171,1900,60
dI2y6DJV7lU,32312,1246,77
QJD423RDKjk,22591,915,147
2CIdDbPfCPk,30281,1081,69
8bjcVZQRYlA,10400,400,61
dmVUGPsMxwM,246021,9893,501
_k0XibL7Zto,78443,6948,942
jtXSqx9L5ws,153206,8054,674
ifRkfxGolgY,27179,2152,306
wDMLd8pvzzE,84930,3589,426
_2zhYKQEDTM,105004,7430,1056
Fu5twLLxnX4,123600,7531,398
YQquov6HRDM,60054,4326,363
0Qsp7ydNsH8,81591,5179,483
dtfUYGFmrM4,43730,3120,223
5aDRWxfqivE,41256,2426,251
DL_zu6_SGsY,49218,3383,239
RDWzcXkcik0,66517,3622,238
gA-U61niVds,59160,3193,263
kE6KNgf8fJY,37880,2677,203
dwIrdOmfWEU,33483,2722,426
tEn6KFHjVHo,140924,8178,453
wLe7t7S4_WU,71025,3675,278
FUJK_Qnt35Y,47480,2951,224
fmaTJ6szxvI,77060,3759,336
xLaB8mQGkcs,133753,6059,381
-GgZNL8Xyyk,45580,3515,233
sAa28P6aJY8,134498,6392,471
a3f26EZCwak,87993,5287,348
KystosBo40w,428109,23996,1556
7B5GcVIdvdA,89444,5893,394
ngK459fDnQg,361244,15975,634
X5lZBwKEIcU,56323,3724,222
OwP2rk_qS3Y,184018,10465,681
VZVD95zmztg,50219,2284,436
VCDc9gHJb5c,31924,2684,298
ZVN1WW_BObc,88364,5279,355
4iFKx4SIgSo,88832,5647,424
GOmhGDTw604,158932,6658,348
_cY9fSNEvyM,49494,3342,258
bA307L0Qx9E,33786,2226,156
EIsUNbed3nU,69220,5661,718
eoNPxIOTBb8,74503,4186,409
tLEj_zzjeyY,70212,6024,602
RZYHu6PWO48,168619,8519,1789
PMuhxPE75yI,282549,11616,1020
MuxkKpvOORA,143339,9265,967
sg6zwf4EvcE,56395,3265,297
-SM26LfvZqI,218301,7626,959
Nm2i8LaXSdE,354728,10597,655
hpAY4Pg4eYI,46570,2887,233
zapSN36bWtE,377918,13313,2112
ZlHkYCySH7M,51775,3095,164
W5M7bC5UTzI,114182,5173,297
nlYYYtHpGIQ,377359,13819,317
5DHHx3-vhkE,53483,3724,317
MYl4bsbw4I4,197243,10680,344
E9PAvnBgtPo,378165,13500,416
fUQhlaxHiDw,85864,6070,370
cj5AXpiDjxc,121164,7005,292
Q0q8mbj-bcs,102626,4445,252
jsPoIu7VTSA,26498,2041,109
E11uEZ6d0gU,40828,2214,122
wFntrfihBGg,95887,3622,384
IWYD9Vp8AjQ,16690,826,102
3HNgsDh6hKM,218431,5818,113
zelwHUZNQCg,174726,3234,231
1zkG5mAHkfc,87503,3552,130
jYtdBCnLscg,7152,276,9
OOcBRE4VtsA,55076,1621,59
M4lvTIjMAc8,29841,643,118
LAdTDfDxQGI,24040,915,96
GJKe8jpYBUs,37577,1020,169
hbZK0f3eSNE,21620,606,113
jBIRVgB1Zec,9378,477,124
NnIZ68etHUw,167531,4812,424
Q4oRFCbygFY,84485,1501,240
iggHqjup-Ak,130497,3068,375
YBt_EvkaNsc,201488,5742,411
sZhZlDTbg-0,32741,1559,182
1plZvOyVcyY,6838,483,139
9GFNDeAffGs,732607,18863,1164
exwDw2IhEkc,53337,1673,366
5yVvsTY58j0,64206,3326,500
o_5Dke3_Edc,40154,1617,693
JT1VrQvFwDg,45013,1791,289
UDNYrmriH-A,62710,2606,315
RJ0PvZ7M6Ps,93497,3923,455
UyH1ZXl0PqE,66824,4158,612
xkFVlVggbOo,119664,7108,951
stwrqqAGuEk,245751,12104,1322
xiC7TM9_9t4,25539,2403,230
HKmCypNI27A,34974,2458,530
a1Qu-Z7fqtk,39446,2267,344
p_I1RtvFCLI,64697,3973,333
ew81gJcGNh4,113865,4769,748
7WVGIK6PHTM,64448,4851,445
8NWu0OOcNLs,25470,1405,115
79kBf5gQRHI,86879,5541,619
-1od8ozTMzs,44143,3884,327
5UBnC8qga4c,39013,2903,385
8TqpnJ2lKbU,182033,10592,1377
Bof54XrA2d8,72088,5351,514
jH8jodQwr4Q,43078,3567,353
deECYX55Bno,188308,9748,969
jUySCupYxJo,36412,2446,148
_CE41Trh52U,55744,5338,543
hl452ZKbcJg,58642,3877,305
KhaYrNIOwSA,127669,7682,949
P0tu5n5phuI,154724,8996,875
1O6jOLk6JS0,50612,3462,348
akDLY_FDc84,98370,4683,415
LB37GN8-N0U,83049,4707,623
U7243KqAE7c,35065,2110,203
niWlwXNMa0w,140097,7775,483
BhJZ2uSG8HI,1271325,44138,1953
yakgxXvC4jQ,55288,4002,371
i-pe462uapo,53191,2768,134
d06HiVowyJ0,56830,3879,411
PO0LrLKYZW0,44206,3451,282
J7jcdp-N1PI,182710,8946,741
Jgwdhh8HKbc,62416,2369,224
XAWlVODAJ5s,33908,3285,599
HX1mPVeCMrI,44863,2891,130
UMuj4PVkcaU,125612,6935,279
A7wM96w4l00,107489,7006,1100
wZQTl8HE6sk,204593,9863,979
xxJaar2lIkM,50096,2898,224
uByXMg2dq4s,72924,4432,288
O_aKxGKzkos,220750,11923,550
D860ggpizx8,455772,21993,1251
K6XxUbZGD0U,110885,7224,408
uYDRM4el3BA,103924,5581,447
Qv9VJyNAT_4,100684,5964,309
87vxcwnA9Tc,105608,6611,313
iV5Zh5JiG2k,192727,22065,2897
Nf42EBeJs9I,392855,19461,1859
-rXuDuEGf_8,192352,7457,516
5HETILFVDiQ,46622,3875,290
GcJmfs-WEg4,84506,5657,316
38LoghA5Ghk,29453,2315,210
EApu2fkyyPc,338392,10467,397
7bwMXg379Oo,140134,9186,439
f8ZW0w_qt70,87853,5831,283
bHLYRN2XsLo,71341,6024,468
E5A86fa03GQ,161549,7253,656
_HarK-qCDYQ,44084,2631,154
HdYAh7MVM1w,38516,2567,148
XaKepRxyYUE,25151,2016,100
pN3nDBtbh_c,22460,1524,88
NaaJZpe03Ds,13543,497,48
YsovE__mnoU,49912,801,86
5pzTQ1mDZmw,27085,961,108
bwjQSiXisBw,78069,1580,171
sWnC0lfAd7o,291841,6648,1124
JEitHav9MXE,131714,4181,693
zCOTpagbuz0,446638,9032,689
UI7HrOUym5E,79802,2885,371
9yCGyOYDcJM,22580,1495,329
A0DJ8Z_d8Ww,224875,6948,571
yn01Nr8oBuA,27969,1917,605
Pnos_mrUOr4,51019,3758,924
HZM0VO2ld_w,152388,11296,1531
YgFypM8BsWE,29652,2087,206
q2EhiAvsrgQ,62509,5605,917
heqN29YOI50,89947,4079,414
N2llfAPkOlg,139029,10773,1048
9gjLR4syHIo,111697,6341,679
IDHyl5lGJZY,52080,3752,601
HhQjgRD_1cM,87152,4712,467
5VnkdtZtK6c,50659,3133,176
GaTWwvuYIRw,103293,5720,458
Kr0INeVloaU,39020,2669,287
d9vTNN84gPA,78905,4418,331
Xpq7MpPdJh4,74809,4276,349
cImflxgMhCs,116363,5684,391
kVseoHxbLNw,87085,5345,554
HUU7s5fEr3s,79474,5721,414
rmbhFkyB5PY,116862,7647,756
d4ZjiuV_mbQ,34320,2907,299
Lr3xTccav7g,30558,2848,344
G0NjcYYZsT8,41549,3091,292
KKeeOIeu7bI,99700,6419,379
8ezxJkyLvsM,55782,4505,330
2l7NBf4iRvM,39757,3017,254
brGkaYhFL70,44320,3405,410
hyOK-7fq7-Y,52764,3313,193
9Z2o-N3TxNI,52704,4144,537
W0Kar4xY1Aw,90851,5885,514
ORReYKoTF1Q,72491,4977,308
EdtdrgEQ_bU,83913,4663,292
YF4MDWigt8c,150036,7506,331
OcKohYybjTU,61615,3080,192
MMOs4y3wK6E,210688,10191,745
bdEPEJ-KmEI,30382,2585,171
S-JL0YMIAjY,104827,5614,467
tCgaxlMTrOY,88795,6353,434
7cVzAr8yOW0,71668,4654,276
c_wELc5-V9A,46125,2692,176
32LFYeFNaFI,49014,3167,182
KHc6pcETbqw,198093,9679,819
4h8XVu11KQg,129478,25541,735
CSdRga8fBeQ,61771,3924,325
VWt8HB6OUe0,75269,3452,154
_ZHMYvN9PAI,49217,3284,145
byzddMd_v8M,80250,5056,339
gKn0KABUVIs,106728,6196,225
BAG_f1HtNCA,63514,3886,134
mwRdq9tJVfg,46927,3154,203
x690VfaS9yM,84515,6924,611
gg8i6s1g2TI,35502,2838,126
SlC5n-lXE_I,34558,3071,212
GTWxYZxOCa0,24777,1545,67
dnXq8kxYnM8,36171,2358,221
jfMdItKGmYw,15339,1439,69
oKZt1pl3_J8,22408,1023,52
xyzyRCbUzoQ,73928,3627,319
nLJ2V77e-jM,29407,1240,26
vMJOi7wLGvk,20546,713,66
vfEirquUmTw,45724,1750,213
LA4iPP9J5O4,52961,1189,158
5n3jl2GphDE,39390,3452,641
9_TGYvFmxI4,51248,3347,190
66WX7zPjRlQ,31359,2350,153
U2sb26iCH98,35089,2369,215
Je1OlC0jueI,47824,3223,634
LwXrhmtUIAc,81493,5286,704
2yMEt9QcjKQ,36462,2303,133
JX5YZ4aNctc,96801,1987,43
LjH8ekpQJjY,179140,4105,310
Bh3LXXLmuoY,29620,1315,242
34SrVC5W9ck,295714,9075,979
BWNbrQ-zdy8,203324,9015,893
fHmISw_grjM,46788,2920,518
jTYhM_cVJpk,28597,1987,132
5f8kVNGaj80,35151,2430,260
JgZOG1tR5EQ,27869,2244,140
KXtoz-hVHrY,86318,4880,721
K96Ya9I74B4,100158,4747,955
BfC7QcT870Y,63470,4316,414
-f9uvcYNbRw,238340,13418,798
Oy6dqLU51W8,59671,4047,238
sr5J4r8Uj08,41996,2933,275
bhfQ0AprnME,87319,4937,185
UnLlNpPTcF4,218507,12366,1068
_fMx0F4P7zo,107112,4709,215
YU8-zygoJYM,95270,6071,229
mUmmsDdQoRg,8684,479,12
J2pu0yaSqBI,103384,3706,488
smhyKihlW1M,40308,2095,254
FNe_85Au2aM,118998,4053,550
5E8GYleLALY,52588,2379,494
e8npmPumY24,89181,3203,312
xBR5_MVDZi0,21954,1572,341
FTAZNEFz8q8,114154,4562,486
HcpbB6nRYlg,260233,6961,956
opezUx8vMD0,52570,2540,273
wxZ2JT4ZXKI,28397,1887,292
1pGyA-_L-y0,13656,997,320
v6RNUiDmVEE,27444,1358,232
Wc7NsreO6_M,52050,2379,327
-LMwH1D4M1A,37036,1998,267
ftJnUwrYBsY,6497,712,201
--bP9PfF-fs,108927,6602,658
zIhbHiOKlD4,105251,4846,646
0-SJv3EdIJc,53287,4063,558
wfrIfaxQ-9o,70285,3510,641
RpzQtoYUYko,48439,3533,386
KuGGCSJLxlY,92625,5136,688
BEkWFsEhKVE,36720,3376,525
Ns_CXMiIwFw,42840,3760,413
0rlMbtj936E,48689,3437,416
_IeMpZnR16Y,45762,3338,333
FWFfd0iWRSo,258578,13398,1462
NUthdG0KN00,59811,4521,800
9XnRPlmvzk4,36722,3126,449
ejMoRpv4ATM,23518,1289,228
CNRyuwRq-cQ,82623,7514,703
ZiJctloDkBQ,63773,5482,560
c2Q_HrD8Lf8,115201,6051,509
ejOlgohuk2Q,74314,5773,592
2dmLxOGY2c4,196959,7612,670
q0NyEpro8Nk,48957,4095,497
8zPOwlkoZ_8,180022,12137,1180
3Ou-se3gEFE,27115,1995,239
WXwAGWhHMfs,73532,5997,528
nlfBnMr46w4,125801,8016,619
TNrgYKOCTIU,33778,3295,529
QA232OjYE9U,123233,6047,469
zD9MuWZ5bzg,89395,6840,656
71WORSzQZkQ,55151,5299,616
qDA_XggmUFk,93135,4575,334
o0c25cCfSK4,131070,7764,929
V286rrW7A2k,232021,6689,456
lHHyiOyA_IY,67198,6235,577
YNlFHTpSzT8,123275,6869,412
oYUxk9zVXr4,49513,3442,502
X1ySiIYL454,87317,5197,306
f6Y-kTnQMj0,58692,4846,424
fgwRu93_m8Y,20173,1610,162
mWCS814bZ7E,115754,8727,889
0HrDX3ROJ0Y,71881,3618,258
tkKYhkfmOfc,139755,6955,876
A0WrPQziqsA,88015,4979,877
eDh7TqNl-6w,74929,3621,393
eOa1eeTGzhI,165715,7739,386
pdLBcLsx4eI,60552,3436,205
n-5edEF2e9s,182164,9582,863
wlltuhTbEYU,65675,4393,373
KxN72uC34PE,48209,2159,144
RQzLoL9WFmY,93118,4829,359
svRqXezcFZQ,69202,3930,241
lrWSR4RmJDk,22650,1580,176
Icuvmh5VRMY,43907,3377,165
ryKY27TNoK0,58637,4530,477
UjZiHMIk72c,89610,5587,401
6jIPp9R59Jw,237070,12178,646
Ll0N2XIpgsg,76053,4290,190
Zy1SSEM6rfU,69778,4469,202
l-0T7BwtEKk,55396,3294,134
pkXPKWsMkkw,32658,2072,85
DcNUNJ9_ydg,57357,4004,210
tP47HUTGNGE,239749,8509,390
uNbIxFFluZA,147142,5941,106
T0lsZzIUN8E,35536,2924,182
wxguGhoGiWw,64473,4211,251
AhM2ZdCqBm4,63497,4483,245
gcS3ypJBpTk,74098,3779,162
eyGw4xVWMmk,112742,5642,195
o83XIyLBeBc,32664,2013,56
PXk1JNQcCYg,61375,3604,163
3GVX5Mu98N8,81256,5170,257
DiBA1OVqdL8,130906,9131,458
HVg4B0WKQ38,145707,7672,463
ui_r_PZl2SA,344926,21273,2070
p53IFa2lhkw,120226,2615,126
ay8O73Vdm8o,130681,8946,675
rGe-gnbRjkE,18550,1352,43
cZ9HqjBRKZE,61796,4191,202
Sbc9uDnexug,170316,10734,1067
bcv3YEtqB6U,187366,10140,420
siJNVHQP3jQ,42866,3021,153
G0UKvzp08DM,86000,6533,302
cY868OT00Bk,84041,6642,211
OCqJtLm8fqk,66029,2822,114
QJOfs1YYsBo,97972,3671,143
Eoz1pkW2P7Q,20047,1614,103
WHGzbuKr7Ow,90218,4846,292
i5XQ7px792g,38013,2659,119
lgmkd2AcC0Q,174258,8117,434
Z-tb20no2iQ,298541,10783,73
hg8LIzDG2zc,25800,1810,111
7IoYqeRbjKg,28875,1544,17
ihJAcOw1f4E,68682,3350,278
Rak5HNjaMzc,28774,1470,118
PGOPIxBJfdo,568021,21033,340
PfMRUaVVcu8,54819,1530,29
nj9s3cOrzUI,15830,729,53
iffC-JOq4Pk,7881,276,3
9h106m3sO3Y,4067,100,1
Y6twJA36CCM,61338,3080,154
AK5n3ONewGk,14561,837,39
Wi3BnSQorZM,54295,1607,54
HLY5e6tskQQ,116245,3581,277
9QAyAD03uoI,34131,303,113
LtUn1ZpSHbE,34712,1316,163
4LBMdrCk7Ro,39653,1602,322
4UKQk5M5KOg,58887,4072,445
Td5iQbVg3U0,55525,3760,219
N1Cf7h31Vds,55240,3915,261
LgMZUiLxb70,120698,5648,331
w7oF2z5CPP4,274324,14089,1145
x0B7NVY_R24,45090,2900,244
XCfb-RAKZNM,155855,6374,381
PlgfuB94ods,56364,3065,204
jzmuPpNgLHo,19565,1777,133
WnkAb1AMkIo,193670,7392,1093
bgcdkATr6Ho,103410,4067,429
ihNO0xkGEQ4,120030,6278,397
qKBxWBUmaus,32571,1999,146
zRrWQfn8noA,70582,3877,452
TCRgOJbabCM,75458,4216,437
eHT3MExb0Lg,71520,5149,685
sVuvHUGsY2Q,83957,3910,360
diYVjfFTNL0,38744,3366,269
Zkwlf-_qOUU,44769,3532,405
OeIMvdA-r6E,64313,3543,269
xgkM5Y9gynE,108683,7263,877
HLSRsL1LT9s,138865,8891,863
s4gloY3Kono,73922,4448,361
4uc9QPw9U-s,64035,4011,523
UdKzfWysALY,60620,3561,206
YUyNKujvIrc,106346,6028,442
Lf-BuESO22E,45358,3638,234
g9ocTeFHopY,456554,11141,1396
sMp8QBQJO_c,110568,5465,312
wTaiA5tN1Qs,297546,7625,347
MM8A7roSS7c,89069,4608,344
o9qLgyR5XXk,47196,2919,163
duu0-pyjbks,76492,4521,287
RZA7zo9pLIs,77225,3550,225
3e6eQ-ic1Ks,36499,2145,117
u3PxPlfvFtg,42205,2600,166
4tIm23XRl5A,104738,5397,661
XbDlYnoc-Kg,84636,4691,267
qfN83lg2U-M,106632,4368,742
N64rWzbcLsA,61970,3772,202
Mf0dnXONBPE,38770,2417,165
TbYYarUGk70,44405,2329,127
otJDDQAfzfc,120012,5855,545
bM4Mf4y6OpQ,69637,3921,246
VtG1nKmW1fE,161964,10171,588
RwrCPF2m7Ts,74494,4254,160
o9KISmb6jKU,75597,4658,262
cfKCjL_XiDQ,71155,6047,326
I0hON4prmDE,355108,9864,558
wsdgCixzNFo,93144,2564,219
vyammudg_84,82264,3389,273
5E75sCeEJ-s,90703,4883,588
bT_ZXHQDapI,30913,2066,131
PUMCeOVKUtw,211651,7838,667
fkZiDTRbzvU,60992,3815,277
sp6nDbWnRgQ,44135,3837,293
IC4ORgOlKTc,76784,2587,249
b4aDeNu0JZA,13487,685,23
a-y1C8OnAQk,82123,5803,407
ZukldOndVao,259338,11901,735
Qj1-Xeolqdk,45522,3283,245
CkpKvQRPzuo,104780,4113,204
T-Mk0E8AbMs,16079,984,141
QB1QRJ7i5HM,76466,5640,991
i3r89BfgOfc,132366,8006,239
cQ4Lglwteg8,37771,2259,132
ZuZV_c_1KV8,13089,1136,72
To60rYJrLYo,76063,3579,50
ZJMR2n6HO1o,124659,4733,990
EmudOKfQEKk,47682,4242,852
1NRdgJ1skZc,65634,4449,274
I9W2_87i5kM,55555,4344,265
Txgxcv69-Ak,48051,3821,218
XxZZNZrNSpQ,12139,886,23
yjIp77troO8,38074,1741,16
t6cgq1UUCAs,56678,2273,29
hTYOpaYq7Xg,27816,2011,137
YJxj_FJU0KQ,28098,1252,57
Qx12Ffjuk_Q,114286,5311,306
8o8NKaVf81Y,3041,160,4
mp11_7KF-d0,6174,395,4
ahuyHPx-U2M,4886,258,3
2JzZiYof_94,145395,8773,1050
NxzzrFU4bmE,57577,2614,306
TpzVvLwPfLc,50660,3101,246
wwrISGctmkI,56875,4499,319
XO1dBxo_lCg,68654,5951,1116
Rhaay6Hab50,67633,4489,471
yworhuSVV6g,58218,4435,543
ouhBHG4ltmw,90646,6523,270
P6z_313VWMQ,35418,2706,86
dlCiyeDgAQM,30662,1806,173
hwd4sr_BCjE,7187,333,4
k8sdkNiwJTM,50621,1857,73
JbV8hn11Fak,16996,1075,106
JIURt8nUw0I,65220,4365,397
ulsK-cDBZvU,82768,4517,348
_LGPpTnPmMA,48490,2079,111
5C_8vtiqnuE,26566,1010,140
h-DVzv6JnoA,26058,1903,349
p-jj8MaTAtE,220878,8286,733
7ucCxcDqE0U,106100,5882,351
RAy_8GS3Pj4,25541,2388,112
aYjYRKKzbLo,155396,6189,388
3W8GRm7YvDc,43401,3016,235
8H4OKXlv6eo,135675,892,1052
yap6oqvXCDk,93055,753,599
utT8UI09aMk,5621,82,44
Pi4lxB67HSU,4104,25,2
W8I3uM5S3lo,5524,30,3
csDupbLyur0,6230,32,52
a7vWRv3WTvg,871,41,6
nZKTYFQ48uQ,45183,1327,65
6CeDbsysSGQ,2438,84,12
dsANwIAGHL0,16390,745,68
B18zxLBMiRY,974,59,27
A5dz9bNzqCU,1943,65,24
D_ftR3eoikg,226106,5406,218
Duxy0JRmMuA,15537,616,40
K2uTBjZVyVo,582,53,15
LCrl0WRx5HA,10532,516,63
3tmd-ClpJxA,1534317323,13625766,760743
FuXNumBwDOM,442636616,6399796,439157
SVY8I46dkb0,115064753,2206662,74734
wIft-t-MQuE,371275556,3948513,209149
qjsmJGh2V-8,1609959,21333,1161
j8O70op1D-4,3663195,40504,8028
N4SbNRGZv2A,220260,7772,986
AV8WgtQu6JE,210441,5064,585
kVfqhcWspQw,186572,5652,679
IocU65c6McE,26417,690,47
HRkITD64Ui8,14704,809,36
xWvMLwgiHOs,13818,782,201
x9KUW766l-s,43877,1192,79
bN1GbQTyW9Y,40775,1148,78
ZxmsPkS6y0k,5470,369,65
E__vkDbK82g,58517,1958,134
liRRQ27wg84,24679,439,27
K8vu7Kvb_p0,32351,1289,137
x5ovzjPteAg,161092,5843,282
dhXZZy6Ls1s,42702,775,25
yH8Vu2DAPTw,50116,1114,71
yQziGbhS9Z4,66733,1476,63
cYn7RhlFksI,71283,706,74
x5bY6yDGPhg,267535,4164,532
MhX6041_O9Y,3976,96,3
JZyme11-fQ8,49977,605,22
kHSFB5L7H1o,123,5,0
4BBXXYhAS_8,169,3,0
bgJUsNKJilA,45050,412,55
Npyx_6UlcKA,564,6,0
e8BNtH9m8Ts,119,5,0
gzZMnvzu0xw,322,2,0
xpnBmnpV3BY,409,1,0
UZ0bHg6mikk,9246,67,25
lL1DHt_PAVU,30863,259,281
cv0XZ9MAiJk,871,10,5
msSrDUoEc-Y,176,2,0
3Q-pKdA3HYw,427,8,0
29w97544HwM,18750,276,13
sTrNMZxqPAc,409,4,1
6b1Dd5R-Ycs,19216,248,22
Yq0ktEyPYgM,633,14,1
F3507G8fSVU,6125,55,0
ZWcXkrZ-cnA,824,8,0
aLDDEAl9S_o,40456,321,6
Ku2tc4ucHk0,237776,915,235
petaktxZfe8,295,4,0
kazPz2lhJwU,99703,1968,127
PzBBEzrjZkc,406,10,0
ev38JQJtTmQ,151522,3645,246
bsVtTXgpmas,739469,2813,1903
mYNLaOUOFkU,775,6,2
FjaeP5DH1-w,4429,133,10
08bgLiO4ugI,224,1,0
ljrRx7rDJck,180,0,0
uiJlxq-pFyM,233241,1961,1494
pz-lhiiqD2c,4175,34,14
UDKWYQts4UQ,249,3,0
1qeCPdJ_UgU,1185,6,1
EbhYkk69Fwk,9190,21,0
B-6YHah8iAM,13413,154,7
8rEE-R31wP0,9165,158,9
xh4DSPWlGDQ,37221,706,70
vGyO96cV_IM,781585,4034,1166
rdrvAzUGtqM,233568,793,338
6nWaoodkv-w,4293,28,3
dKfyE8O9C50,983,5,0
isE3hkQ69hc,9964,49,17
zCBT2cBkS2s,455182,3358,1076
pDKLDW3SuC8,44510,735,78
GzuY21eTYaA,609,8,5
u7qrIiUvnVE,68745,230,102
OPazhXOfdrs,122033,527,37
H9wWl3n2BDU,713132,10563,426
lWWm-cVLCwU,134890,882,152
WAgiUq_e-uc,1075,5,0
upAI1ya45_A,120,1,0
HJuSTxj8OZA,465,2,2
zKPm5Lq-BtQ,1918,3,0
c8fNOKK-y0g,78074,354,337
sNMw9P2Uzk4,2938,30,0
b9wHZ8Bq-tw,138,1,0
2M5qptVDUvY,1705,16,3
aBXX9jJFAFg,715,9,1
ynyOUDEkluE,296,7,0
JqbyDGfV_Ig,8038,363,44
1mBFW0weHC4,73,0,0
9vakynLYLWM,808,13,8
vjf-V6dQxF8,37684,843,181
q_Kj5nWewNI,509,8,4
CxHi0yTq318,561,4,1
UoUzZTTgyQs,676,9,2
y5hpDRxRXUw,527,13,0
U-OKfYRn7t4,75401,102,26
YFE0ksxhstE,214412,861,358
IlYGSmhIfXk,649,15,2
8gm6Xr2SXNw,467,9,0
jOGah5Goiag,165,3,0
3_ePiDL4Wrk,952,5,0
e0qBguu2KiI,1256,11,0
tc572aZbby4,545,12,2
FbuuGw3XLjk,8277,15,3
BhfU5ryX_Es,363,7,0
rFpqNAf8MYs,202,3,0
Ybuw2zCmIso,2197,19,2
ShCteIFuXTQ,313,5,0
ZeEsAppOZN0,6293,86,3
aCW3-zaBrUg,589,12,2
UWQTbn0TBtU,1783,48,5
1iGTTRuG_W4,257,3,0
BALchCb9iYw,677,11,1
v2lWYk-Dv78,4037,51,11
WPeGdAF_5iI,2633,11,3
KD893nHHdhE,1529,16,0
UrcXRPFm7JA,289,1,0
YWZVN3OZIjA,649,9,0
xWHQHXsw4VY,401,3,0
xZrHj2Xdyvg,740,4,2
ouW8Av1fMmg,8063,132,3
Z2L0yGW4ipE,1853,28,2
2y64H6Q826U,96983,274,84
e92-XrBcUVk,715,8,1
-QpfywhFta0,10903,49,21
hJ-H-9MwWcw,765,11,1
1dzF9dCK8ew,4769405,50122,13161
gGvsKBmyvuY,2678,10,13
UDpzLxsmP58,1417,12,1
KHOLPju-22s,97092,2453,414
Os5FYwCf7Ic,10053,3,2
kEz-jxLVwsY,256,0,2
Mcn4zaRnvng,29145,234,376
kKe-kjv2dj0,33103,348,51
o0xLFpeD8dg,1584,16,0
UpefRJPlLys,79,0,0
Qufw0R-5Hog,716,14,16
Dnu3H24iZBk,266,2,0
XqKKTpH-Bh0,19280,7,1
qZBtLCLEpCo,699237,3088,263
mr7XvN3s4Ek,1407,8,2
Eb2kaAisg8o,8169,29,8
ZEyafrh7DUU,4727,56,2
vFpl0oDG618,106,2,3
-UgybxuNXak,311,7,1
bWqKfzQszk8,649,5,0
2JkJpOwZK8A,2950,37,6
HGDliGoagwc,2086,14,1
yCjLBB6T0w4,6229,19,7
4tpavB0b_YA,18498,144,1
VCJBZMUehCo,2099,12,1
tsO43hMWzeo,146728,1288,129
FPWjWg5VZRk,12477,167,25
q2ITsm_wW8M,2540,102,5
oqQY9HLgImM,1813,28,0
bMdZYRMA8hM,11839,108,13
ks71G5eHRMo,7129,46,24
5m72Sn0a2-M,243,3,0
4KduwTUbTrI,2731,23,0
i6xjrDBeHjI,10259,2,0
2ng3W8Pqh9E,526,0,0
2T1uht_rsCc,116,0,0
WNpY7cudUp8,13428,379,225
ZNfBPWLgrN4,908,3,0
oKDZI2J4-jI,33371,300,9
wCdy5m5x23A,497,2,0
WMCknA35Ee4,641,7,4
_YkNL7dkdMU,1172,12,2
r-sHBFjt-Hk,63906,764,36
yAFh1P2lOQU,905,2,0
nNWjlEjqHgE,649,5,2
T9QVWfuAHLE,2609,36,9
Ihftdlnqz4Q,1544,12,5
Qzlbrw8KfAw,585,7,1
sGLczrTXp2o,605,11,0
dRmxpc-3lqk,39680,415,52
3Dz35Lh2yrI,479293,3523,1459
Jw6WHkO0kZ4,503,9,3
d_QJgATGj6s,885,4,0
qsUzivChwPg,760,4,1
gk-9r6Mg7yY,295,4,0
Oo9qcWObnco,13654,160,5
y5iRNVfoSgQ,41911,474,14
NTosrkai8vk,2520,15,0
RZQ4XOFaSH0,10224,171,12
j9rDDpi7ul0,46263,370,24
1pG_yYCrUK8,13893,192,12
Jx2QPiSf3xU,295,4,2
v4D_5ypmdkE,221,0,0
biy2ifthBS8,238,1,0
S3QIYPNJypA,159,1,0
jU60XLps1is,443,8,0
zguWDtz2rTg,332,7,0
45_-bT9pstg,105,2,0
hz864wUVwuk,372,9,0
jDRchc609yo,252,5,2
W9-ihahC4tg,8782,62,5
I8K1P7GkqeI,382,1,1
6b-E88J_3KA,1140,8,1
gxzXSwmiP8s,315,4,1
BkBnWHJ8r6o,3392,131,53
vSrrZGQJf-M,1014,7,1
yMO1JYwuRFc,158,1,0
ybAgpGrCQXI,774,7,1
lVIuBCHcKNI,2823,38,0
5BGJ3rSJ5F8,3010,11,1
zhpT2gu9vR8,692,2,0
H3YEZu5I7Ts,516,7,1
DwsycrasQeM,484,5,1
5xIUHTuWDPs,236,3,0
YXboOhhkYLs,1086,11,0
CBEZZ0QU6f0,434,8,0
ulw6PhZn-LU,104,0,0
rMX6iHDozwM,4129,25,1
mYurGPTTFRk,351,7,4
Uytm_XUPbnM,745,15,1
L7XMZzEZIbA,1697,26,0
zan7bGr5Gow,386,11,3
iMNEd3Oa-rE,118,3,1
a_X5vUukS8Q,224,3,0
qiikZHzkxkI,1905,8,3
HYddcv6y32g,9333,56,6
sgfaqhr4gvc,150643,830,70
MxEPaKtWDM4,178,0,0
ZD4qsnZHY6c,777,17,2
l1kOjhCVjRs,214,5,0
5ZM_DA63ukA,783,7,0
xBAhR8gUKMY,2622,6,3
d2YE_xGvNB4,1108,18,4
IRJcanqeNI0,1830,71,2
r0jnypA-hbA,2729,14,0
GzE-POT3poM,466,2,1
_wwYZIuoFQY,5053,201,1
DayzVJrgksI,2319,27,1
ilSwMqjjz3U,193,2,1
mVx6a3aI43U,168,0,2
43d6J6iG-1Y,2226,21,0
Pi51bFzg7HE,2375,20,4
YkeUDRxlzdw,55,1,0
-uqblKD0VJA,989,13,0
FjWGJJXpE4k,139,3,0
64dNIlsBx2Y,1177,14,2
a4AXgOiX2KY,108,2,0
NA55V6t6kqk,219,1,0
4OaIycfU2PY,18936,88,11
5vfdpi49b98,201363,4693,980
d_g4mScEsg4,2205,27,7
TEO9D-uVsTI,8461,186,23
V0gSEOPgDnc,717,3,4
zIYmHtT7DUM,1922,31,0
2ld0k3EkG9Q,3315,27,2
9PbTtz3HDyk,201,2,1
QtbZFDCysqc,4723,67,5
suJ93CYVRxQ,432,2,0
4v2sj5NzIzc,261,1,0
hq8fEXGvdH0,582,7,1
z5fl7Ci8aNE,628,7,0
kbtrMsC07y0,514,4,1
j-V-R3CEGEA,1097,17,2
9ycclQ1X2Pc,2133,41,7
tm0mVaL2Ygw,6429,79,206
1DdgyqUc-tI,461176,3826,985
wYw9bZAO4wY,6648,125,6
lv14VVTKdQs,800,8,1
zRn4_ex__BU,765,16,0
-8zKIbgQhFI,496,10,1
dSREXH6VBtM,72032,593,307
ex82ZN-rHv0,230,9,0
dp6yne7sMWc,3201,7,2
f0vQXOQTn3g,159,1,1
tev5Po9UT_o,301083,2010,299
oDbLr-1LvPk,4455,9,4
vSP7YLB98pc,2926,14,2
KBjSRedkmT4,399,5,1
0C9_MDGvOFc,174,4,0
cSfC5U_M09E,109571,1778,74
VN3k1vFPkM8,135,1,0
tP7MPmWRBgU,181,4,1
l1Nke-K9fY4,11217,71,31
xXOkJfboAO4,1982,23,1
qTqQkoTWCh0,16983,47,14
xDOZs7EzwfM,360,10,0
xIiedOgMDsM,25322,332,55
ViCLxXvU62w,177079,1995,144
6kJCgQ4zaeI,320018,3713,316
PsIsLqcshGc,387219,3129,182
29TwewrLTuk,98691,1253,150
uSE7ntcE7MU,24278,414,84
7kS1b7gFpx8,8273,249,0
hE1BpwpcnjE,121605,3589,834
kIg-DsUcXh8,168679,2598,153
zUn2MgoCjEU,616619,11860,3303
ZD9LKvq23mU,13050,609,150
3nbiXpDqN94,82836,3252,672
fHdiVtMEXgA,47743,889,110
8s5E-UVLUYk,83116,1052,109
3jAEFFLi9-g,72946,1013,126
miAc9GXgIEM,9826,294,0
jt4T2JpMBOY,464666,11778,2328
sr5QzAwQwyA,252554,1957,410
vhKKL2e3IfQ,12623,260,28
8j-v4sj0iAk,39176,462,46
SN9H1NlXLy0,48712,515,77
pIbX0lFtlVE,119812,1302,162
xVOyoM2G5xU,13329,198,30
Ou6aGSFdwJ4,52049,437,65
RqWu13ntJ-c,72544,550,52
2x0XqPmCiuI,91313,685,75
f-JieUchVHg,101710,2277,235
vj8QDEmP03Q,45992,901,169
fxOzcDHfiOY,84735,997,95
b8ZVuB1Bwg0,257683,3577,408
ObPm_d7IjDU,48115,1031,163
HwIZKj65rjE,37793,842,27
jljFhL9Y1G4,123015,4597,512
S8Sxh9Yhx4M,319044,3101,252
Na67PAcb3Vs,42104,1134,62
Y3AKTqfzuKk,69455,671,89
qDSsOiDIFz0,76373,609,45
vXrJoojY-KQ,150019,2257,0
qVDC6pARSXE,31442,462,66
oBZTsI3VuhI,269741,2555,156
QuuDKWCQUtE,84037,599,69
s-ASlWMEO4M,42738,488,50
BFTn2MCkEsc,135162,3181,153
wvIFjmlDf6k,9854,487,95
6L-I4ga9yIY,10904,475,99
6X3qQMAAv4Q,16993,525,84
hd1u9bMfH-w,18768,780,171
FnVUKCEirWM,26715,401,75
MhFdJYJ1cSg,54871,429,109
TnI4FArSKjI,10017,220,69
8TcqlGeMznU,353758,4804,341
GRzTegoDnK0,309314,5251,85
dNgfxVAgGE8,6097441,68386,5268
1rVSyFScpzE,534989,15044,594
-Un1G3ceT2E,6104726,55313,3040
NK01YjCDRyQ,2328846,31263,2621
rnldaRTZo5Y,644823,38121,652
8LTrEgZ7WHI,12661,460,16
cjMSbpUblF4,655328,15504,656
lQnk_8OQVbk,3889,203,9
GnSp_381vTs,8815,270,21
isFK_9kudtM,1895188,29851,1143
fd-4s5CwKDQ,1238742,18572,398
7RWqibt6qGM,21714,719,53
tj1LQc3K-1s,71487,2351,145
KyC0o4-ZNQk,4353949,137018,1869
R5w5Ppn8gBY,4522,118,5
bN9HzEljTQs,8842,241,12
YRA8lctPrZI,3107,74,3
KJlmZrncrIA,28590,689,39
6wFqisB6N9g,17222,681,25
VYIrDdIX-pk,2115,53,7
SC34XK9HK6s,1289161,49949,1015
vCpRmLZNlOQ,626909,9323,267
YD9bXJE9VT0,155,0,21
UqXAfaIoBho,176,6,4
4vvvvGgZGm4,60,8,13
NTlLmEvELAk,47,5,2
-wggic_FA3s,310,0,5
4RO9fkfl2v4,133,0,3
hRtZbkAiUq8,120,7,1
-WeoX_4-MtQ,114,0,12
vN9bKyP7r04,5690,192,79
XrNZXRcFxjs,22039,228,158
y7JrliLm8ew,5949,114,82
AAi56i_18KU,754,35,24
WY9vnUqr7y0,8240,168,39
XTMnGgqHGQM,7411,144,97
CGt24qR8d00,5741,170,110
VMjfdb39vJo,24591,252,123
atLi4zdJzDM,4748,140,69
06xUTfSuh2E,1373718,5952,541
lAy0GVZvdUs,42287,251,120
RUrbVcli9Uw,7294,156,75
i3hTyG5XpwU,19054,372,169
4OXMHepuKDg,29359,202,81
wRzltx_Unqk,16431,199,82
nC1ijor0W-E,47230,247,99
ky8hen-LeKE,11764,143,72
YFm_B8FtCeM,698,39,52
BNUBdTTdkaQ,13337,209,104
pYIVUbG-Sms,45117,268,95
wAnFOhxOIlU,11426,195,100
vs061M8WkjQ,17766,195,83
KagdEy7BJKM,7576,173,49
0DjSkezHMCY,14906,147,69
OtetetVjh7s,980,43,43
12s4DK4lpR4,3620,102,55
T1XA4j1uZlc,2515,111,71
QeO7ZMGgKVs,3485,111,94
RwX33N5GFAU,16744,135,46
9GCqsRj_a5c,8911,168,105
D-KWRp2kzoU,46810,348,185
mQM-_MlboI4,253741,560,167
rLLKVdEBVbo,4817,135,100
BvbocbUNg8I,6834,163,96
INfUSNjSP2Y,12489,157,73
9lg73dLJ-mE,17233,206,108
VpjUPG1rRYA,120484,861,226
30UDXC5nT6c,19668,248,94
3KzT5JZlmyU,12205,187,86
aNUEiran6fc,3356,102,119
1SG5_FLdUY0,6621,251,103
iaaoo5sTj8I,3268,119,58
47tzMNVW9Ek,920,43,36
LOyjZPBXg6o,149497,723,79
_yS7NKYbw_A,3652,97,72
uLJCzhRirjg,41744,313,106
RhPbBrYaZUo,6944,118,48
KMNHkMWZzLY,9331,116,28
qFqocyGAgqc,1988,83,43
NxWfpXyM-Jw,572,30,21
_NRgaU1FN84,861,30,12
qhvA6lfPVNw,810,29,14
5AoPxmFqq2E,32673,331,120
Awlzqrvopho,1429,43,43
0HtOcLJqaKw,4291,109,41
EcqPYwVD4Z4,5445,127,68
wg5ptrmJNto,44343,492,141
pda7jEd92DY,617735,3421,600
zCLtwxyztfI,3009,35,45
JBpdh39EdhM,4520,103,76
3itoLV1sjYE,672,43,29
SqwyRQ25gqk,21649,274,122
gzLHtQ20ldU,9069,181,101
tSqutW2R-HI,8162,151,73
JEy-8Gm-VF4,5381,113,50
mhpptvr9mYU,4626,123,70
fVtFo_WUniM,231373,2517,1326
X2cF83iQpQs,112770,3524,211
ULuet4N8eoU,268663,4795,974
mX9rUsrSadc,3062345,82965,13594
Vf1JQxABCk8,3417486,49010,14535
Gn_v-_98ots,315321,8794,303
UFjQ0AOZumQ,33141,663,104
ESM4-hxzFF8,46134,1079,100
Fs6WjPNQOaw,37725,885,376
xAAltAKvIwo,281698,8062,1679
Ru1ij2uT62s,54106,1693,405
3De3FRZf4zE,451081,9590,3458
bvTkpWPTitw,884308,14568,780
vB9_1ypekZw,432547,7685,2001
gfUqAdwKlF4,14552,393,45
rupoN0vrYIs,31557,1202,85
2L3vXqzYz_Q,1880627,36386,10409
mO4JuOJQmEc,136336,2826,418
f-eRg_BDib0,372227,8854,2092
Vpkj46JABmM,41091,1184,161
AHdaA7nah0o,26268,889,42
xMgi40_XTC4,24349,891,52
rE3dLiOBMvE,4547,209,25
dLx9T9o15TQ,21737,833,34
dl4nosOI8IM,20306,496,58
-QkvYAcHFpg,8661,396,48
f7eBfRoudCY,11268,479,45
Vj8oTKq4kpQ,150092,1807,153
V3n_OV-DkS0,15550,687,29
E4Bt3V1CPsQ,12105120,118752,20
u6QTve8XSv8,4522556,26174,113
_Dr9yBJRoic,4617,25,6
hAOnUWy73KU,5461,76,6
ilbYBklv5r0,17573,219,10
K5gQK_sB0zI,1300,13,0
iDx_Nbh0BeM,3132,41,12
vNjpvZf5cQg,11437,278,7
osMqRkSwKaI,16074,72,16
gzvxHQMEOrs,898,6,1
N7_ph-2xJfk,36111,411,87
NL_w6qmh7KU,185,9,2
JjWzRgoYPFI,7330115,69086,3110
gSEBUnsbhmY,7228569,74734,2565
-nPtmzvcIrU,3401485,75193,2074
g7yqx8p0zJI,17562246,178214,6366
sIbAmZZ_F5U,24599005,305697,11807
7LLGOB0yLn0,1830828,30235,669
cJcAh00p3sw,12404251,115128,5891
wAWXyzVWwRc,1505573,24362,1373
NIOIKdylRcM,19570864,290653,8049
Wfm46LVsAGQ,19099048,337437,8960
kPxvubp91oo,5020446,102164,5172
k8biEe0DeKQ,1313889,26659,1032
S1j7d6HLEu0,1515182,34483,1792
cnbJIrLpUAo,430517,5787,267
ho0_51hItrA,556874,8158,453
raAt5oFQqqc,3899224,192295,6239
glEE9evU2XE,1452413,37370,1184
-8imKhn0JE0,10285931,103793,0
gtqCg-QSg5g,3353133,25577,1234
luRrnjdYc_Y,5270858,158904,2889
xzUtDpVN5Kc,2057274,31726,1713
iYYF6wiZ4OI,182949,3445,202
sLqOreM5-0I,14764883,205210,5656
nHamxXDASEI,3106440,52633,2935
OsbS8ZIxibk,7674000,240750,6429
HijRK_pAyiE,8341943,90262,1452
FMGPC2bOk4Y,387763,7387,597
ZbYVx-PFZqo,19442943,254938,6052
qh7vmpR95Rw,139939,1407,73
efXwhQQJDFQ,1126865,23294,391
y6FqyhmMCmA,4143420,84180,723
ADUO3oHY_bs,2587308,26082,1587
SeDGkRfpTqQ,8656497,63075,995
tfiR8cXoseI,995197,13531,1134
CEPYAQei1gs,9512548,146631,6954
ubnICWlyURs,3303879,33022,1756
v40lviGrbNY,4406153,36884,2393
wOYP6jP5rjQ,14710838,323162,13570
VdZGLAW7teg,1752416,19159,656
QeWtD66ogEE,430189,2577,114
jGO5lFxQPHA,7954076,95186,2396
mbyOtz0Fmn8,5260926,112483,4229
VwoRyK5llys,4898072,86148,1296
0LwSy-xZSPw,22028802,289594,12465
Zrhu_F0knFI,9569891,134166,3350
Uh1T4TBLzbY,10791051,121673,3908
Q463j1tOWP8,3668908,48744,1782
y-Rgrb-87eM,52399,888,110
7Kq5fW8oxoA,344749,5578,1550
3xReIHV13IQ,191323223,8381586,23701
AIXgLR4wFuU,15623559,247856,9267
2oE3FoWmmw4,2343812,64169,2735
AIzWOrCxrCs,2535886,51475,2614
cXrwSBiVsDE,9060336,109791,0
q8g6qs9PJuI,7358932,229357,4608
UVLw1mxe0QI,4572144,61022,2684
TaIn0EyMjdM,24065828,252872,10966
rFelc6p7Nd8,1707355,30664,880
TLv2svASm_w,316345,4840,169
15m9h-IYQaE,6803275,117295,3432
94ijiIbNdxE,15290608,187647,4184
fcOmuq2QP3U,190260,1765,313
nhIA8zDjJDs,15136699,218842,4088
10qr-hgwq9U,7847738,78017,3301
50-tpY5V1eE,12092107,185176,6080
MZEsKcezTrM,2483961,24389,749
kThoFoCo6cg,14924017,421085,5067
CABgSvILvmE,9619847,94486,2508
262GCnoRacU,7143845,131789,5498
B1oK9ZBIR0M,2290204,21444,436
JkxMA7mf4f8,13348,222,29
GHDFRc4whJ4,1188,31,24
6dgmES26LF8,2538,48,19
lWUsrgryfPs,19072,163,77
EStbCksemkc,5563181,107528,11463
KwSbZ-Bm2YA,4871961,103760,8260
yfHPGnAz-JA,1286,74,14
5f0C7uLeEiI,905,53,13
Kf3TAynjaWA,1478,80,10
qrUFBNpqszk,227877,2425,1110
E898G8mYZ24,519835,5644,680
hAexuFyGIaU,1701124,27107,2371
O16JP0YRKv4,6163968,64643,9694
Eit4PzABDoI,1128193,18771,6199
FeaUPLSa1DY,1173055,37782,9343
RqwT81VWcfs,689509,4975,1138
BsGKQRMByCk,603005,15677,1899
AxnkYUGBfLw,179575,2947,2204
myL4rABbvqk,84329,866,382
xcCj1zNpKoM,4165837,119722,14179
2ePhnX-KX0Q,144575,1331,402
MBw7R9wKYbU,329582,2352,481
GlVvKHRrC3U,8733,243,22
CfeoxS3evP0,7434,265,11
hy1YPnSov24,436042,6417,458
n9P2uQH20nc,26509,205,9
ec4-ysdrwS8,4212150,33001,661
KE-Vw9w5Gww,3244243,87712,564
xfOuXgcUG60,42747,270,12
WghxUUqBlQc,559702,8344,805
zKsrCjb2OsE,126979,3347,1008
SQtvcd57Cm4,80818,3033,395
BZOKs9dzk3A,8288,362,147
LAL3TMrV84s,10948,362,107
nSkXFDqpB5Y,107790,2567,346
iObjV1rc58A,100106,2461,755
HblwNEcgE2o,224329,3658,381
za3PtTsrT90,351,9,0
i1oEJ51gb-Q,2038,48,10
njtPiX0PKEY,2098,68,3
egmfTZRuqzA,705969,14036,2758
3sNSRgq-4l8,274219,5211,5688
hWw6Ua4wyMs,2300389,21528,12951
KUaq8pqucIk,3000229,18030,898
5unBUEviO54,14676462,218151,4479
QmpTip3Pe-o,2784191,42113,1928
_k_eySiD5n0,2619482,38092,355
IpMKORO1Buo,985063,9268,161
nKwhcHjk_kI,1619781,24022,678
yvAy6xP2xD0,1337263,21004,773
odWVXBWWVQY,407862,8942,841
NpuVv3NqKYA,657835,7219,263
eRIageHkMI0,10922,140,17
0jvCHwAwDtg,4173,30,7
iNPM1QAQ_vU,16888,278,11
AAjmJOAtkqw,939,21,11
atjxK1PhR0s,131876,951,78
iWaS01araXA,214136,1513,98
WZ8iUvnBJX4,663129,3841,205
U8eXtIxvbYk,21933,188,78
vNDW_R0xUfg,13567,203,17
mGLcDzvpJSU,26486,182,37
k59pzfubIyA,5746,22,21
C-kT11WqoU8,655539,4681,175
TEG1egYCiAQ,1380,22,7
5k1742yH5U4,19567,250,16
CnWurbErV4E,3502,55,7
eAgE81K89HM,45138,272,22
GlaWVZJsOSg,15095,174,28
UgUzN-p3HBQ,6951,122,34
8Ov2QnfmhGk,638,24,8
5snD2Y8XnRg,228002,920,99
-dJJkDgGXZ0,9232,161,32
2YSQxH5UqGY,5805,110,49
yjv65oYsO5s,66935,533,59
0_hAls4AoBQ,1114,20,6
h5Q4u0S_5qs,10172,84,22
RfFU_mM0HmU,3558,39,7
17J0qKxuNo8,15624,112,46
NOtU0diqbFE,129,7,1
J7IGbrXZEZI,1169,55,51
jOwLMt8-WQs,598,20,14
-eOtoJF0iq4,431,18,8
vAigmpeMHi0,570,24,10
aDAR65Fcp7E,977,32,0
qfCIiHUj5rc,323,17,12
HrKzlVujvII,612,22,0
TmddYjxvtqc,168,11,0
xnDeDXchpR8,1028,18,12
8WpvUyTCbHs,489279,2773,744
9KXPu6iMrRk,41013,342,424
5GmDR9aUUQo,6452,48,15
GI4utk2BUN0,9973,72,53
Fcr1DiiOhr8,38772,198,26
kCEr5szOdz4,2737,33,6
JmXwhhfv8hs,116415,756,450
cetc8Pat4R8,142415,1588,1056
RwbZBC7yawY,80986,1332,673
9PRSam3F3u8,6236,34,7
Dv6VD-tudl4,67600,418,106
TSG9SHKOgCg,2191,9,0
JRq_Mh-fbD0,75007,350,376
d-OECGY-vpI,336321,2892,785
LIVaRsLJ8qo,23491,157,114
7xmHHDWmLuc,49067,123,33
8nn6ZDdRKKY,7292,121,14
SaW7xGc3mBs,24980,388,61
s1cB8VuIDWo,60495,833,62
YrL7cgUEcCA,6280,49,29
bIIPMR5p_Ws,1892,28,1
TZ-oeK-pPCk,853,14,0
_VtT80geXJM,4186,26,13
nfgRRx0eFdg,14378,183,44
oJjk98kYdrI,7632,49,14
w1LAnspG4sI,1702,106,21
qU0dvWNXIgk,420,24,2
3S9urT1KeoU,510,5,2
UxEAiJjSGjI,576,24,2
cgLT8STMn3A,150,0,1
BvYhcZwEycg,3018,156,11
dQ4BJg1cOIo,1069,22,1
FHfbC3r3CHo,6156,270,14
R5TxKGXGvko,1103,47,4
5lXnwZgm4BY,865,41,6
m5ODNXg-8JM,21830,846,17
q5zZzD4KO20,1176,21,3
WmSLQY5DsE0,193,1,1
f6Z3fOj0upg,1449,13,2
nvlDFP7DrxU,1209,61,3
fh0KMUelgsA,1066,16,29
Z10zuG0rBbw,334,15,0
9g0F0U9WWfs,2696,26,2
YIMaRc87PpA,443,44,2
sQzKT8CJe_E,326,1,2
Vh6Tvx-hqew,2089,118,6
QAi_rCb4bl0,8126,221,16
s_Ac3VEx_oo,841,16,3
Lolvb-qz7FM,611,45,12
2vGJjhtmshY,4706,112,2
sazYect6Bqc,249,16,0
Pf3bCTeZ4M8,39,0,0
dtzX0da4h9k,5534800,41520,2075
dWhyFfsb74g,9662153,74790,3784
JWX460YxfQQ,671,31,0
TwoIavRQwNU,3570,88,0
letG3jkAoDA,1817392,29693,0
q-n38JnsECo,1127725,13287,0
ylETQolvNFA,46162,1392,0
wIlMnXI6QR4,86164,1789,0
OYDAavNZ-qA,1160,40,0
R1wZ0VYl0E8,1906,63,0
pXoFOmvgoFI,6197,155,0
ALs6UsUe3oc,7318,151,0
hPwD_UoofRU,2835,63,0
4qmoP2SKQLo,1532,86,0
dylAbDdvf8k,769,70,0
rmsrSi_hoIk,2358,83,0
0spgeb2emeQ,4567,85,0
Lf7vxwUp5io,1788,65,0
kflzcuYeuxA,1889,94,0
TzwZOeWZRvg,785,76,0
3yDkSbI9BUk,929,43,0
oRhUpWB36mU,1140,48,0
9TLfaqbqQg4,334,36,0
kdcEAXppkC4,1644,70,0
etnxCgmnvwE,2360,61,0
DEtCcShgzLA,2446,81,0
x7DOgQMEcYA,833,31,0
0hQODlTzpI8,2205,87,0
OGY2Us_f6Hw,633,52,0
5yk640H7sQs,6795,153,0
lQ7BOSlM1wQ,1096,74,0
6Av0Pa5y7-o,677,49,0
SzUHI7Byi8Q,1609,70,0
x29ahPd_BOc,1509,77,0
nO8mg1yeepU,520,36,0
sGFNyonfH4Y,1170,39,0
9pXbMn01oos,1850,113,0
9P4EorqmGY4,957,49,0
oZAX6gdRCP0,1951,74,0
X1ftbDTjSI4,1676,84,0
-Q0S80_gwhQ,1561,62,0
Ita-tYU06Jk,2321,97,0
nvveEDudFJo,2927,73,0
vwxzlHZEnB4,4719,133,0
L4Z8eX-EqP8,1855,87,0
DmJyqOGIDbs,1391,50,0
wb1-qicOMa8,3677,106,0
Do3EYaPDEhU,1120,43,0
VnxTLzTaY1k,1345,59,0
RGub-r-jeB4,1810,55,0
gcSIkVy8YiI,1780,38,0
Kubn4Iky0EQ,981,51,0
oTbt1SRQpOI,948,37,0
rThbE4K9ZeI,1844,55,0
NUfY3LZZOuc,2148,67,0
fDAqyHviH3k,40369,1345,0
5OtFIIbwSs4,228,30,0
nkaDr64JtW4,1995,69,0
5uxjtjai_g0,485,25,0
VNxe-Zf3LUw,25075,288,0
YMvN2z3Bv_o,28723,287,0
L_3hp1LcjuI,7392,218,0
F8IbUWV3MlE,1713,52,0
pXapCaef7ro,1592,51,0
sMluZx7XliE,3023,79,0
sD_8yTAl8zI,24208,996,78
fIUFZOMY0pQ,11328,308,0
CEFpek8AH7U,1009,39,0
cRbYEC7Wowg,1419,38,0
rFgAswDGSQQ,622,38,0
fWfWZxRluZk,141,26,0
Wy8AXMVXpO8,3233,107,0
AyoxXIMeMqM,2498,85,0
rD5GRGPV7b8,486,56,0
UsaNOAZxFIw,4628,139,0
xzvOr7h02_I,18986,420,0
qlahWU20z2M,8873,188,0
zUZ9eAuvfTY,2256,90,0
Pvibq0ZcrsU,707,72,0
qTC98VqpSiI,10620,282,0
ixl9hViPA4o,406,45,0
s0BcfVKxY3M,685,70,0
l4HXY5I8gPQ,1653,53,0
3BV2_OqEJlY,1566,83,0
kRbNp2OZwMY,2363,43,0
vxgKJoa8XbU,6651,80,0
OJuL7asKREQ,14304,252,0
fTfE4a0D5H8,63488,567,72
VU2Ll7-LCYA,74667,638,0
iv2ZUzp7Q1U,4912,94,0
6JP67DlHZvo,3062,73,0
U4HY0d4RDjQ,1501,43,0
fCnwK0MO1zg,3875,99,0
ZfwOtClYtCQ,2743,80,0
aT_13UI0ndM,2511,67,0
GFdYEesWe3Q,8116,148,0
VeTDZaZGrHw,15844,230,0
ZZhgoCdfKN8,3529,85,0
h1KD2g_MPCk,1343,72,0
RWIxuhdM-Hg,1873,48,0
Q8ZQ4QiMmwU,443,49,0
iLA3hsLUSKs,2171,80,0
JCND79TOic8,5683,74,0
drVlqHtn0As,768,41,0
ITY1RMSPpso,1037,54,0
V-rrPr8G_Do,4108,89,0
hqTPToZdmuw,1384,49,0
fvcUZW51uhw,46375,246,0
WOfKgu4fkNw,23188,392,0
-ErNlRR-Jyo,1316,45,0
GaoCjZ7tD2o,2394,58,0
BwfvnSwkx_8,176,13,0
mrtyvSNyd0s,254,18,8
2zK6E6nFNzQ,395,18,2
XUL_UkPRbQY,229,41,0
vB1QTEuh-6k,599,26,3
aoOP2egPoug,41018,510,29
wV6qoqW9BOw,28924,400,13
w9llyh7f_Fo,97867,1163,101
cHyGRwsjetU,1770,55,10
n48WK5cVybU,3323,47,1
UA9S-o0_kHI,3238,38,0
3GI-WYkOkZ0,3093,48,2
uBQxUJzK9vw,4816,59,2
7AnebACrAGE,2977,35,4
PjMD_uPb-gc,831,19,3
wVfPjyQoPTQ,3672,48,3
6m9rujKc9lA,298,5,1
5f46IoNkSYg,1122,4,0
rSK3JMJUt3s,11528,164,16
sCjdsIrbsSY,263,4,1
SWOVfG59G_k,376,5,1
P25vi8U6eZo,210,4,3
zYt6me8i78Q,1329,58,6
k0QHfEfSreA,19080,225,13
IwuHLFDClmc,6476,384,12
uYczj9SCobU,5822,293,14
2loxaoWkUw0,8471,505,12
guJwjaWzFQE,6491,199,8
7uc9Rem84Cg,42094,807,62
_l7uxZ5B5Ws,72367,2415,118
jggVfH_-YNM,25723,555,52
7-xZWsNYRXc,4090,255,13
LdnOFGmeqDM,704,67,8
irLd60IV3Fs,24449,1298,52
6F8kgVY737M,7579,334,34
WxjRvbdmJXM,24599,777,62
wTwzskPunbU,20757,462,8
avpShVUhJmE,2610,154,13
c_YpOD5wWvQ,19224,241,14
9_7UvrHiy6k,4090270,127635,12273
zOk103o-LDg,3585333,62713,6794
IxD2NbXzgpQ,14941203,207791,23070
4j_8rEyYEXw,300741,7475,436
WoOMZ5HLg9w,811749,27259,4078
H8FCZSOqzds,151538,3329,619
tQh8umgs1CE,793212,19122,3336
swBEQ7FZ0xo,5497658,112450,13130
AxJ1YGnc1nY,458966,12283,1963
09HUMZrCH3A,717046,28190,1575
pNAjL71DIzA,1951443,42029,1528
Xfz_kglF6ZU,1254420,46936,2906
FBMmpVms0L0,281977,8039,1743
u5FDJtdE2jk,1066990,11172,1326
3hc7N_uOHdw,1672890,36101,3372
tyyQGsRSk4g,896800,9479,1071
CeY8qNQKHGU,328905,8145,1927
oqghpRxi8iM,226,18,8
xb1qdYuM0E4,1032,61,14
bX9YYICIxZw,175912,2842,857
Lpkgl-Nzygs,60,0,0
4hwCgU_4prA,14975,612,64
uImlayNHq5o,3816,183,27
UceaB4D0jpo,1255759244,13687297,378082
ba7mB8oueCY,366140955,4622804,131979
PYHTj2KvgN8,53204,397,275
y_4IYZr67n4,43941,659,355
T77yUz9s01w,943,15,9
wyAHmMMORCs,62868,392,293
-7kPJRouYRc,24597,197,118
8vqLvt8RtZw,73776,1624,50
5gx-hQKoxNo,19094,235,83
K6EZV-_Up34,3059769,22569,1997
J4t8QlQXxS4,4933586,53903,825
4iuIsa24Y6c,4225299,35657,1232
sCYZvRN27Cg,1893192,20795,622
BJTWahpUaZk,4821573,22000,586
nPleNv9NFTQ,3881141,28285,1945
KjgWWjkNbhU,54272522,417242,14520
mw5VIEIvuMI,425957503,3794348,76394
kQDw88hEr2c,160070925,469619,0
hM_WdXSFFwg,10761508,51486,0
wWPRATTYnYk,1670773,23760,12900
SpDdm4q4qJM,23151,381,232
C2P9GkrDOSc,97952,674,356
dIWiOmycoX4,63633,616,123
geoDbTYrBj0,3778583,58660,4087
xyLgpJX1mTY,58,0,0
LuIyL5vGMn0,19,0,0
43OtFOxlphQ,35,0,0
0lLk25e6BAk,40,0,0
rjgimG6oDSk,612,5,0
k5AMf90AD8Q,1979,8,0
wBwYZGKd29A,4207,26,1
nNUGM4ilQcM,325291,8462,1444
tNV4Wpy0T3Q,764747,16075,2345
KUiG_6RJjUY,138506,5116,716
KNdhCG22b7o,7305,491,182
Dww6wcP3pbY,454012,9029,826
17-UNy7DrHY,287665,8254,1410
EwfeUh3yRSs,221473,5300,567
bDXGMzlDdJs,53875,2454,426
7GWPobpp5aU,200643,12281,5024
EHenVmGHvd4,284238,10641,990
MIrbM30b6mc,47044,3080,1718
64vEzCv7nX8,521044,14274,2805
iMzXZgFRwMw,73008,2985,629
DuCmjgAIEmM,45887,1855,319
uHu84d11hhA,39716,1854,452
6JxZVMGT6NM,214293,8556,2259
8e27j4S4sMM,28593,1509,781
n3if9eDtoiQ,12974,763,262
zQxauF4TXJ4,7786,647,254
9V96EogS8-o,14906,769,163
-6tsJ7rpVd0,49803,2427,421
mavkTnsnuBc,96499,4070,390
eKm4l3K1vCY,92601,3352,801
qeF4GBPssJg,24403,1177,0
1AnZR4CsWhA,183977,3845,517
HsAck-6uXf4,152091,3250,338
s3TFZ2NBUhA,73730,3076,761
OhtSMLuPthg,209675,3910,506
-KrSeM47rcc,20749,524,52
jI530sckrK4,2672663,71762,19941
LUZUELtJwQ0,26173,1075,478
t-NTAktPw4E,97543,3988,629
ZGWjJQYc470,31526,1654,274
perx2EHlA84,147716,4116,494
pOR-iZMHYZ4,121599,2688,478
GxC1EOK8JrA,96860,2337,428
vBtN07sa3kA,100702,2459,411
iWtleLCqJ50,190759,3692,548
87ScScFyph8,63098,1967,313
vtVb5c92vl4,43333,1180,146
Z6HrGBKB8Z0,98715,2763,313
NSMJMjCytjE,109972,2163,354
0AiTB7lckqc,443,21,8
uy8T1Q0hfMY,28903,647,68
SZN-aQn6MNE,82848,2075,301
iUebwVY4Zp4,36571,960,146
V2RkEyginws,39595,973,65
HFp0tEKSSms,25099,809,201
0bmSqn7J7_0,45353,1107,304
1qVQyHmCCfQ,19727,624,105
rBngaIochuw,5254,220,129
uUYe1DdbK6c,6466,251,74
b71-fqRojJ8,260772,11891,3621
fyzse2WDG9U,14157,633,241
ewIvttjPmdg,15715,472,83
fkIP5skJpyk,22693,699,168
GaAdv7oGHQc,1107051,30344,3907
DxTaGmDo6EU,106553,4600,846
tnluFPScP5g,31215,1833,370
ELLbuTj-KfU,25252,1367,399
g2YzoPk-dlY,82389,4622,0
iWB4facewDw,47436,2255,404
ajRHak7UHLE,23974,1399,213
dpUNKycvckI,53079,2855,586
7ggk9AfEEyU,22447,1104,212
cXi57SJbh9Y,19429,1015,133
LcayuF_bkWs,24122,1267,255
pTUFMmz5tB8,36699,1641,288
ruiLrhS1NbI,26480,1499,278
MxOotyxXylc,35087,1892,312
0F_Z5vvn4hE,2282,137,66
YficI4c4QDE,23690,851,204
O8Cq1j_nvEI,5987,366,188
jF7el5CJPuw,216023,6947,1658
AuiUicfGCRE,7031,369,206
JhYrM2q6wkg,24557,1391,240
-hYSH7bBRDM,82185,2139,435
tuNQ9KldLCY,43590,2707,507
PQ4h9Iclc0k,20237,560,73
zOLrxnNvkSI,61419,1140,259
oTJBhuk4WVQ,10837,339,37
x2xb7-Dp-rE,21108,731,202
IsvXWIlTK9M,46735,917,308
hg-sn_Vrx-U,6587,126,58
4prIdPMqBxc,21328,709,187
r5n3D4gOc8Q,114000,2358,0
qeGnvrr5dEQ,86343,1259,380
SfeKLZSsE70,52399,1910,313
A7snftTOPRY,60068,1211,363
f9vVBAcWjGc,11141,457,185
q8r2f8MP3p0,32045,966,206
w1Z_9LIty2g,434834,5600,1412
dA73Ls8ND_E,10899,494,109
Hf0H3ob5Vo0,17340,527,96
34dDPczdDIs,74958,2145,268
oMA6C10I4mY,54189,1277,148
32d9P-37--Q,71028,777,475
g-Eo6j4JcTM,10205,582,273
V9m6NFO6XIY,11106,428,128
E56BsAAzgnM,19055,808,157
8WmG7NbWGJI,9094,234,58
1wzebxx0sbQ,9568,438,37
aqyJcps9sA0,44095,979,198
wqbvWkVt0BU,12734,268,298
t72v8YWHZCk,2769,59,24
4Jar7C7FmnQ,19572,899,281
RyhKCbzmIXo,35938,481,210
0YWOumqrr7U,179498,1927,601
OVX0Xx5AtgE,6699,202,70
WZ2TP0EZgGo,15526,346,115
AKBjxU9rDJ4,8580,356,108
1jl4eZ3TJN0,13208,841,228
irChSZQLP7U,10840,405,94
dLH0U8UBTL8,30038,390,207
Tay0rDJqJe0,91332,974,405
EFnG4Hr-V6A,11163,647,226
J1kz7j7Y_kI,16728,663,236
PnYNa45dT_s,26021,645,192
7NafB9lq_no,114520,1701,148
ga9Zqv11GPg,31651,794,78
_SzKG4t-XwQ,5149,170,47
nFcfZol_esY,103745,1798,136
82tMtK0SLhA,96390,2807,188
EXBl-tQbNJU,30804,1287,66
4b8q5ozzx-M,6043,219,93
aGiQqF9imTk,35088,877,202
ZylOYGHxuJA,4089,138,42
_Hxjwv6ZuXc,5907,138,34
uh_E1QRwz_4,6076,261,52
I5IUb3IoxRQ,5021,187,27
815eTFxqaqc,21351,490,95
KPlpD37VhW0,2649,122,39
R_hswSheo8w,1250064,16380,459
aJ5BWlVO158,93767,1605,158
NzSQGxQ7xRY,98682,1822,118
vDxz8682e18,36823,875,197
4HuqNWD0y24,24075,626,59
zcTMYMHHjlk,10956,361,40
Fe2iDfgNhr0,13822,516,127
rzhNCDSL-Kw,21904,765,109
NHRfB3EO7iY,27746,1643,132
r-Y6i-ojoug,12036,396,81
1eMHk5vDdcI,1483395,22995,1126
cctSBXEpas8,73961,1789,161
NSiKqID-Cic,21353,503,112
FZlyx7Z5kPM,3100,152,61
QHuKLHQcFh8,5937,177,84
USCEhn4uigU,7367,252,59
4aIZsexwkMI,6895,250,56
7S3pU8AntjQ,4593,266,50
-mYt1vIpZKs,2413,83,26
R5NzIY2nLIc,6877,244,73
DQso_-sbLAw,25075,675,99
xO7xZvagsYw,41311,737,141
xHA1QsqYZ-k,16788,482,66
q-T9nvvb224,12006,360,60
kDBZ5BYLVjw,10571,353,53
tNY8LHe6SlU,46555,673,98
dqgALPdiuhI,7743,261,55
WbwdfMkZ8c0,6733,296,90
IbV39nf4XFw,13918,488,141
jcYYeRmYhZY,36900,1020,195
q4btsbjPsNE,102183,2273,119
VswceKBzAIs,27527,567,75
aJT3J4oUwl4,844728,9465,494
QbaV8UvPx6o,54387,1751,148
-iaQqZgCkPU,65236,1323,123
Lb6GwWEpnlY,49466,1000,63
qviq3NQVHds,60525,1099,159
U5XvTZvPFd8,189144,2746,213
hEFUEU_9uRY,27864,680,60
WA_gSy6W4U8,34663,848,139
kBfqaMktATE,35485,664,122
-97TsKzRySw,312074,7323,459
JFDBe8u6dJM,557012,8247,412
n1sWPn599og,17695,481,73
QFFvgr6X0cM,369439,5921,457
O_v58_cEt4M,140680,2395,152
nbCcC7U1Z0Y,9496,265,72
Jn6CNUZvxN0,1947130,20892,850
fMjTj1g9Ajg,334827,5117,503
4SqLLRXyJ5w,105721,2008,155
-dnY3ZGQoA0,88515,1678,262
tNFeDClbkis,234328,3137,182
a8Ia02Mpduc,29923,808,49
FpZFoQlr2zY,15094,523,90
HjdCWSi0_6s,9101,564,110
UCF0ixMqj_E,63288,1288,130
4ow5cgwn4ZE,1814,80,37
fKvq2o23uqg,934,38,12
SJRki162rLc,1085,46,13
Z61prI7BTw8,53029,3462,381
aVL4iulMEH4,2885,109,22
0f3p2cdejig,12756,517,72
FOxLBkXVElQ,5192,166,49
FVMH-sIvUyQ,51,0,0
RD_Ah7FPW4I,241,12,2
JWigWvYjKHE,196,6,4
Mrm_3L4rF6I,54,4,0
-GJ4EakB4m0,260,5,5
tFG26y47baI,145,3,0
hL0JLoiRrq4,54705,920,374
29DNYOSEFs0,35710,552,69
JkF3zFT7IQo,36893,480,68
CO-SuyGf44E,46305,789,136
F9P8UJj0FiA,126234,4714,670
bi-PrRYodsY,57500,2398,485
z8MIFrabtgk,22688,1108,156
ifVTK4c1Ypw,34127,1308,188
YBrRVdBNyzI,43186,1817,411
j8pKGC37WAI,27551,416,88
5Ulgb5zC2Gw,23190,1321,143
4iZ0ZylVnf4,5470866,36846,2585
iaqguEWbDhg,2255,106,61
_qMHvo5eKr4,14811,327,61
d6O9Dn71UVg,32277,837,198
u-jYAPc6Utg,66670,1049,95
vw7m4qGVfxU,65252,1735,220
d7G88UCvlKw,32171,742,104
UR8uu2TNhPM,323307,4711,396
-BUHhOswP_Q,89179,3767,504
YTRAEpjGuPQ,4421,182,81
qqBm5qaB-iU,126187,4690,727
Js3NFVWo44s,131582,3395,565
zNhJn5viC5k,77425,1338,288
Gk75L6XFI0I,3841,259,76
RISpnUOk6Xw,114767,2096,127
1G3FQU2tFUs,44976,2186,253
fPdIb6zyQjg,83566,1684,243
bBi6sBnGvp4,34291,1005,93
2L3dzxeCvmE,45871,744,48
WIAHHh5fTrQ,49067,1188,190
kQw9U2HriI4,285863,6121,365
A6zdsyk_wMM,35855,1073,185
3bQXd6TZLsU,150163,7158,1046
UQDdOCuKZmk,23470,1380,302
mBCQUfgLCXU,3213,231,118
yk6SQ4eX4iw,3500,166,97
lCyU_X49CqQ,59366,2036,606
mqB5KXH_if0,52605,1953,320
d5h1oIBxdjs,26400,1275,241
4DAyRglvLus,113055,3150,556
EIHxQmG4vpY,36660,2057,241
VXw0GedGw6U,24873,848,190
MBAbTbtYsMQ,30825,1343,218
tXtIg2cMwMU,39512,2308,450
BV_UEx3IQ2w,29502,1381,240
7YVNIog5DS8,28476,1959,331
weIyrAo-Thg,87784,2591,541
93z1r4OaZL8,73691,3326,439
PcpbJDIO8Rk,29316,1575,322
cgPQlZIV7j8,11017,988,117
fhE0e26G_I0,20796,542,91
sE2honHxHCg,57500,1574,344
X4wd0XDTagE,56669,1717,723
Ro_gZZWFrYU,55845,2401,428
lkEqBEn9TKE,42917,1398,268
k2ibQjFisPw,31216,1115,243
JvCv-bO-svI,25382,863,218
mRgi8z8iXTg,39445,1127,78
K6MA9wGAq5U,52739,1100,84
6muKtGysCtQ,23471,1114,228
N-BfTkTDHZ8,58863,1691,151
eO7F_b6P7Uw,15497,477,105
Fv6RiVDeoEw,28449,1331,201
cKWGf4jTLkQ,18177,1721,303
x_oRSm4-dDY,72191,2486,524
LXgl2hFZ9ac,8259,337,69
1W5md76QXHI,27382,2006,318
bLjlTsUqivI,56203,2345,228
PsWzkLEBxU0,69855,2833,401
ydX13ZRDCzg,19759,901,161
cN8WbpXQhr0,8489,270,68
Z1bUtynICu0,36144,1183,257
xCAjLked9GM,4367,210,47
H33VwDjN0gk,15402,698,90
Nh3CkBPSt5c,57989,2195,122
YwQerhN2RSc,24126,1262,185
Y4xiDdGy4sk,458082,9906,1044
66JfzzJkCws,12193,713,137
m5NiCKkjbKY,92624,1618,120
XjEeF3ctj4U,140460,1770,149
QTPPntulGFs,46322,1133,88
-Get0JlATCg,303633,8689,613
CpoqkbB5spE,476703,14517,568
gM8F-vsLVyE,28349,1289,95
nrYcaRigAdA,459132,13824,501
70eajO7Di1E,315945,6676,242
vDZotq5Sv0k,1399161,37068,1749
fZP8LNMVf2k,583466,14595,316
1eDYrmbOPXM,561778,12870,688
fmdoFfI0oHM,1091503,23385,1192
3FEGjaO9DJQ,113127,3413,185
jPnKQtFJ_Ro,1289943,32637,2764
Nc2Il667B7k,218386,5169,330
eRDjkx5Db1w,1500129,23824,908
9Eyu4i7x-Xk,310565,8398,428
_9VmohkqGnU,239099,6572,366
OiBgc5x89ec,405064,9629,727
k8oDLt5H7b8,138530,4010,163
1KkGnD4R8Ak,597921,6665,263
x5pPPghdFT4,423172,10954,402
IFvOUsVf4GM,420745,10174,440
ZXEWRoh_bWc,93703,2380,170
ptLiDmWrgLw,379620,7271,2589
rNF8Q6yDAC8,1799656,41405,16628
onutZqf2OoU,109017,2411,280
MCOP5dOLN9g,175930,4617,1021
Czhh76C3Lvs,680781,11988,995
e79jXwE338k,98005,3229,344
Sx4WDTVbLek,344294,11479,922
1Fb3G9x6MZM,7804951,86733,6087
13GUD30jz08,628939,17215,1757
523vN3EiO5s,1335881,35244,4571
38AMbRjHnjg,298877,14862,1336
6K_C-rYVPoY,191616,5526,752
RjMqv2iwHco,785692,24633,2712
voOCSj4OF9M,1895601,53423,8295
SmKuIal8OTE,683728,21717,3822
ShlzrzeYMU8,582793,21363,1898
rOG1glLEm3o,249415,9786,813
xCgG_mE4hdw,701741,23957,1581
5rfBMj6AQCQ,113861,3580,350
XdmzMZkk0co,584227,42481,5579
0ovkJ1hwf10,290630,7410,847
6OHuzgO8DCg,121916,4733,565
dbLWEosAxFE,66618,2179,225
O4lMRFYeXzI,41427,1883,626
dYQYL1TCKMY,2456820,73905,8186
Yeg1QSlYMcc,4557909,86568,15794
niwO7ib7ZnI,621291,11186,1124
yYFiU8CT5GU,2840746,41036,5231
tsZLE80rHzM,663508,17255,3808
VNZEhrrLzpg,948258,17051,1146
4z7L96l1WU0,115508,3093,335
lLYurbGTn-o,894188,35974,2281
G6jW0zj8x_M,4189063,62313,5256
-Lsidnpi1ms,2315067,54212,4626
uHHy5UjQirU,2543,98,10
NXz0V11kcBc,6570,154,15
kgGJVlrEL5c,51374,960,36
Rx21sxM14d8,41369,590,71
516gBbTBmSA,493821,3043,521
trCnf2l1qPs,3132,73,0
xoI90R-o6rM,61,3,0
h5oBs0KOmTs,608,18,0
FTgfOk0bHko,324,3,0
A1YnMD4ZHdk,672,25,4
RTS0hBAn5Q4,660,35,4
m-UsxjuAn4w,1591,77,16
bJ7t8qW2aBc,851,43,24
5HSV3iKAZ8g,326,11,2
Tk-MyPEubkQ,57364,1985,212
Sbo84IRRsL0,36852,880,158
5ze8zQwQpLw,7361,235,20
7DU_fuqo2tc,16071,1135,65
8sKbsyJEfNU,36067,1128,94
c34JalkD4PM,49343,1676,190
UHG5AFnbBi0,40070,1314,170
AuTI-pIHY68,7144,230,33
lVgT9epHnQU,3103,155,9
89RjXCkeHaU,5332,242,27
TLzWknWG-DQ,1825,131,15
V4bqpSGnnA0,120803,3570,537
HAvzaWIXihk,19839,1391,121
BMvBx16zWxI,47098,1324,863
Iu5NJk949JE,6865,352,52
4Ir8bNEoTd0,269941,7101,921
1bz2EcMpGZE,91630,3425,211
UQ5tjwMfMEo,639627,20836,2087
JtsVBrRFBGA,32123,1001,124
6pnYZjEZW7I,36042,3683,820
NOaUxfNkCvo,64936,2480,130
SgXvAKs3rhM,5062,302,48
faA2piHGCGY,104032,4222,819
EaHAcT-tDVc,32393,995,159
z8EQrBTIBXk,476413,13154,975
8c7VgquRAfY,5147,147,36
z_0-mT8-tLM,161,12,2
btEY_5VVZTo,6124,306,27
LkNyc4IuqqE,11050,641,50
kbOM4nAWLrs,158144,2674,408
RXZDPkCjuQU,138219,5040,642
5Qh7NaN0-cs,8401,353,25
FWLgRbxjxS8,1617,139,20
OfuTFJuM-yY,752265,29979,1955
2bvbL1Dq-EY,207845,6921,1205
KXnbRCndaCc,7880,381,44
Zt6IDdvbg3c,67131,1330,104
x0NTuiCPrq0,25380,885,130
1olhjCEFXiA,27348,1221,233
GeTsUW6xArM,48302,1352,78
6L7IU5ACpkE,6771,267,29
f1OBy-4EWJE,4044,142,20
lNPVnIiaYjk,1530,58,15
HGe2gGYO_Fg,147797,4949,772
U4V-_AiXl9U,9004,394,88
tg-lWj_EEbU,13251,1025,93
oHw53PA18Co,10675,592,49
E2ni__FAwG4,2917,179,27
0S0iX3yaIb0,1994,126,35
wkibEv7V4g0,13869,560,68
1h0Rpq9nFOo,5925,249,33
Fpf-IV3PHO0,9669,531,154
VMH8owPPfP0,71940,2722,267
x9JKz_PLtb8,3721,137,9
boETFuHU06I,2749,202,29
KKcJOZRDFvU,2969,109,26
jCrjt3ppTXk,6859,372,67
De_pv0eZZac,1657,93,33
Hwrj8i6gxe4,1474,115,24
uuCfCVnEUtE,1953,120,14
xevK3mPmx1U,4397,131,11
RQG4nSkTvQQ,17346,883,114
cs2cuvgPJ-o,2692,102,9
Dz0hzCF12W8,14375,528,60
OUL_ryGbDgc,20576,1243,97
qkIf8buRacU,13014,635,40
gnBLkO-zdKQ,1481,69,22
yhvQ3XDHyo8,10373,481,31
eZOLl4hUr8o,5507,223,12
Afb9zIQpMvA,4096,212,49
IcXxkrWh6ts,1246,64,35
lqmimoTKSrs,5925,243,31
XGFZBiePO8s,13785,558,60
ulRs1WLo488,803,60,21
rDH1yYFANyY,102474,3984,790
r-Hc7I02cuc,22238,1069,218
zxlJvoJ43TM,28427,1567,557
APYiIW8-gDk,1834,77,15
YRABvqqQqYY,83349,1516,325
db9Qftlj-y0,940,63,42
aJ6ngszqUZo,10441,500,32
cfmg41ORBBE,1502,85,35
V-QSMM7FO8M,1640,126,15
wRNpsR1veC4,82249,2967,156
xDTAVTK1kcQ,5898,347,31
g3UdNq8gQ-Y,4230,213,30
X8hoHeTr6OQ,1942,152,30
lr2iRquzJB4,928,72,15
1FHNQ_iPYl4,1615,140,22
Mvjmt7bfpjM,154431,4980,314
QBzcLhX0Lbc,2128,124,27
1ru_CrX8CVg,5258,257,27
phN0b4wjtf8,1686,116,22
fXQJSqYADtY,8498,182,75
qJTv6GS2lK8,1417,106,38
mmc_9hQQQ2M,2095,124,27
chykt6ovchA,96494,3421,428
S7pUqMuN9os,389,25,0
qwL_lQrZ3Hs,76,8,3
akJ_OZxVqdw,831,24,2
QUfbbmybX2g,175306,6913,683
dSgmC-GZ_BA,599,45,12
Zm188OIBqhk,81757,3734,376
A__YJ-pgt9A,1012,95,17
tEgUIBgXvcI,3489,150,18
il9X9g8IDfc,1411,75,16
fj3jJfbh4BU,1595,173,16
SbFol0ve_7Q,706,33,8
K6f0jjWX55U,47188,1326,54
3nH6N1jdqAk,16840,592,21
2UCNIROQiIo,8147,294,49
7gPq-nDJTPo,26479,1138,110
F7tOSWmIbmw,226287,6197,571
46E9MjenYFQ,84947,2502,299
69flrgX3YmE,33396,1428,92
rpDC_BYnizY,95686,4416,487
I0T9NWRHw5o,44722,1482,208
VFXNfarvCTI,26914,1151,163
kYoNQ9VKXkw,142533,3944,187
xPSAQDS_EPY,17045,345,78
hwWn2e3aK98,101188,3975,567
gpJpAGL6oao,28020,1695,154
wMkPOGuhsD0,66908,2188,217
U9jjLYWvKjc,44657,1615,131
7RM8Xq4VzBM,13377,424,26
JMJd5HGOBJ0,1014,48,11
1ArcnaUp7LI,23943,693,51
-ehOhEDJ690,148501,6886,510
apATRrHXPOo,2143,80,29
jyx0vOLeNvw,26496,1123,125
zwNJ1X1B4MY,11470,441,93
CITf2AAzRBs,34264,1137,83
GAijJrxPHqw,34021,1357,300
dG2H17-Yeas,54478,2690,243
19XRsqKk6Pc,45808,1311,111
Uu1lg3CSJ6M,2245,158,28
S2n8seh0DjI,1420,145,48
p9uUQI9nYaw,7072,201,14
poUXSzG_C8I,1891,49,9
BCQT7C79KlI,292,30,11
t9D8dQGG3CA,533,23,13
HNsaQxORrkM,2576,172,43
M3MGy5m_cak,284,7,5
gd9VTS0T0uM,3605,259,36
SyNIv56LnTc,1368,67,14
8832TDORjT4,4315,176,42
K9qcWYszjF8,40977,1434,51
qJ4mU4p9cK0,1679,195,28
UWqAl6sybtQ,1596,118,31
lpJ51cwv5sQ,157,13,4
AWF5gLwDbws,363,24,2
4pUl6peWzQE,5435,435,38
gRoK88sHWWI,620,59,10
eu8zKisHY5Q,14048,797,78
ndbQi6gTruA,6389,252,45
leWoZLKN8aw,2395,123,54
aO5lRWlgDIc,707,55,36
l24wsfw9iUs,7334,426,49
tzg-9AU43a8,16272,992,114
y6nxoKcP-iI,254,13,4
1-7Tc2mfdYo,1651,296,49
fRGu3eirsjo,736,31,4
6FmHp0sOpJs,511,32,8
w4cmUnNmot0,1095,52,10
F4PgfljNrlg,348,16,4
dVKbuffaw90,1714,53,15
LYxhbEVCCaE,375,26,15
9Aax1hWnzEA,10830,665,65
9gKa_PuUI88,4046,194,16
32AsDt4f8ak,4459,149,15
-r1PHYBa4_0,3572,115,26
aA3M07L_QlM,1418,32,5
tN3sN_UDK-U,9369,634,114
2L2yralxzaY,7768,365,57
MkZE0M5hUyY,1920,134,18
1juNYtWOOpQ,56033,2471,389
UL0MPPvYcfU,27272,750,36
DHGajgfLw-U,14382,597,37
W6aiTCdGc0I,1189,106,7
RWl9CqxMyRE,25550,909,73
RJBr13AEYBw,67970,2442,182
lJbMSTxFhSw,10971,461,25
CUv6Gq9kGbA,2952,173,13
6_ySVT1n5O0,289714,7776,950
r5J3zmDyMQg,2592,136,9
0og0i_3KD-M,1761,120,23
rnUkgKn9cZs,4915,209,22
7P69SW1Vs-c,4534,318,37
xyITGuXkEH8,2574,186,65
ZOKliOf6fic,299,41,2
9e_Jr6Cao_c,1137,53,16
RQVdqUwfZdo,4777,261,17
zsdGBc17-Pc,14168,576,44
T8CDg-jQW-A,6859,302,20
7Cqr-LbPfYA,1578,117,27
QrVfjC6Lrjc,1858,81,18
h2as8ercv-4,549,43,20
-nvitCuMNaM,9078,530,119
XC8dtboRK0Y,1243,68,9
B7liyjLnJD4,2728,264,36
hNLHJKg1it4,1644,155,24
m17VV2HshKk,11106,567,31
vN4FhPVu9O0,1864,116,29
FB4NQ_yLcC0,1745,127,37
T37a978W3hQ,902,120,17
ZEr_ZbQ5fm8,1000,60,25
XC7aD70rFFU,2860,169,22
KgLuNywh-ec,1564,130,30
C5yZSQ1or9U,65413,2870,342
wvExdCexxq8,895,56,4
5KPTIwajNPk,491,30,5
45YTaoQW3J4,2315,140,32
7Jqgnv3XsqQ,43185,1578,134
2ytCjU-ug-Y,703,83,29
Vj8ORtiECIM,3728,197,27
LNB65tTaIcI,33661,1146,62
ZpcXWG5n10w,17471,628,658
RWi4iuQwQIk,35079,1212,184
ULgYA6mtZaM,303,11,3
cTwqGKDLAII,356,13,4
670jLaVXBYw,55448,1611,94
eGd2jB-gjnQ,139767,4444,1058
NWqu4EjGbHA,42973,1585,187
oVIDJtsGfpA,27479,1469,288
gTIMZYmXlI8,1039,47,13
lXR0LCaMbPw,4134,389,37
IO0MY7Vb2HA,236,24,7
38yH8j-LxoU,3272,123,20
MbWBVD-8Jow,28101,1525,157
3ab7uDnliT4,2642,120,21
Rv20r1LFgVo,2804,104,42
6IAx4jmoc4k,3567,172,15
TwvaU1gLriw,683,52,8
fRQ4hqVgLAo,524,57,21
RimTgnhf_Ok,283,16,4
yycPHSgYYys,864,119,54
BRRxxU3lLG0,173,17,13
fjpr1_Dvodw,1114,228,49
x50oWyYGLho,370,23,0
IILJZPzlO4o,178,33,16
IGBhn36GxpE,484,22,1
dyMXa9E3nmc,5636516,29415,1259
B_wDhrKm1nA,1292324,28572,0
zpq9sFIvloo,6191344,55818,0
ShZ978fBl6Y,1222627788,7612945,168087
ByfFurjQDb0,645308681,3367067,56519
OGYASOBiU_E,12539759,422418,115143
lHdUFJCkAfQ,17100521,470450,50474
odFLX_U81EI,2425,59,4
SQYHmMgttQ0,1156,55,18
yQrsU5Ss9NM,3310,45,6
bdaux2LLXT8,574,46,17
V9uKLxl9yGQ,237,27,6
K4BH0a-Tc_I,5534,117,32
6X1ocjfCPwQ,201,29,7
WUwE2vCAor4,490,41,24
X6071JgpMew,229,16,1
d8Pm0p-g23k,1549,39,14
HJci41TfLmA,1019,39,8
2VInbl9D5Qg,1160,41,3
LPM9Ir8veK4,1765,46,4
BimCktFhrng,286,32,14
PlCNZXDg24c,3016,101,12
JWQYX0UHQLc,1335045,22654,831
ZbPGq6xqoWI,75854,875,156
JV1joXUBvrs,256169,4236,850
nSEcsmLpcT8,87720,1681,353
MHSkitGcapM,370,12,4
OqGNH2Pdf9o,4565,83,92
eQohWCfQFMI,13863,166,42
94c4JJY4LuE,33777,455,67
3zMXzinpHsY,62977,1160,30
j-g_SMwOCdU,550,8,5
K5Ta8xN9I70,3242,105,0
EgFV72tnCH4,7301,116,9
20Qx5Yjupmw,2669,43,0
V9tpAJHOPF8,2005,35,0
hiIvwXdjZsM,6239,159,5
DFqgjG3xJZE,866,25,4
WR6Z1SjpOdk,359,13,1
fTlv-yEP7MQ,1085,24,11
_wyBL1yW31I,1840,11,8
wc3VNjBZ52Q,1142,9,0
vaokPRDDQhM,876,30,13
TyO4Fi9CIkk,819,18,2
OOIZu8kvsxI,18429,461,27
ejreTD77rLU,30829,845,27
7htOx8dFIg8,43103,1283,55
W1E8fRps3u8,22514,817,31
0dB7RyFjlJ0,10624,852,131
9L2arsME7Zk,15912,568,30
G7BLl5jm0tc,22807,696,89
8qbfjNnUZyk,5099,240,27
-NkPxyvAqzA,560781,16376,328
yY2sPSkzK4k,112417,4377,189
9t7JItsq3as,53125,1481,43
OHPC-VTm_lY,2504,48,0
uyovhIIpGXs,2280,17,0
QBTN9BeqIjU,152488,4614,97
I5WKTRiF4kc,37568,988,14
MKF2CgnXmHg,1103,32,0
Q2m3ngosX5Q,208946,3256,97
hBRRApRTkdQ,25139,611,27
o1ai-27Px8c,18527,583,17
zUyxRlx_CoM,57598,1727,52
6c7leNm2ahM,34355,1460,48
19x2a_zZYeU,106522,4245,64
XgV5sFpjjxA,30426,895,10
SFxdFL_1h7A,62940,2586,111
1DiYEdabueI,10054,273,3
VWUmQtz6n2Q,25994,1186,37
A8rOzgscOWc,49818,1889,69
ws7Ku-MBwGA,11158,519,29
Fd9lpMJ0FgU,11717,449,24
30NXj6O44r8,9143,442,32
f3LdINILRvo,419815,14587,1159
Ab5Uk8ckvCU,61959,1603,239
m1kpV0ZX320,3846,42,0
y7vLnVTGh4k,54545,2135,83
J3Ony36RkpM,61092,2143,107
3jDrEGxTZBo,30790,2288,37
8zxFYl9GQoY,198125,5209,203
WPbaCyYbNrU,50568,1454,38
ks8GPIPXbv8,25745,856,19
Cq6ZCVew-mo,16641,136,3
xLTxyt3VH1o,2383,70,3
QdiG0ZUfQAs,39189,1186,24
q3Z7_AEek9A,6820,401,41
PxZ1tCdVTlQ,117219,3107,103
zjBSMl4nCrA,723,18,0
xwX2uYeytKA,964,42,2
GDbxzWnLLMk,9408,487,29
TL_plaOTKNw,31702,0,5
Wnoxb40t6Ww,3384,204,9
HO1tcSWtOfQ,15014,716,41
IKOQz41oZmw,1740,41,0
_DeJO4vUal4,12219,298,6
TNTr-KppTl0,5896,111,3
2CVHuQTjTgg,47942,923,12
2wE7D9nJK3s,39000,922,25
hjgrsE4hNyE,5234,172,0
cz2xBnhjY6U,158034,3310,687
oVNzkcptTwU,11194,525,34
_-O2OY7t4HU,8035,385,37
f5IXp27_Twc,1826,39,15
LHLMxHONpGo,361,23,21
qXobhzUdd9I,483,17,13
WwvkgJhMKw0,487,27,55
yCdmVLU6rSw,561,29,15
u29_8yuLMLM,1090,37,48
7MCEwi-mD4c,730,23,21
-g2h1qHIKZc,1101,31,33
VSpdLEcRPTo,2555,67,2
OTK97wMF9JI,11414,227,94
lNz4dn__aDA,326,15,14
Ubv3q0p7lZU,2254,163,39
dVMyLmo7AqI,6419,170,110
uOKKcNpAPvg,5846,364,133
TL0Zz-S1CZI,7633,242,60
7z5HlRF37Bc,3109,123,27
hCCfEKSjl7I,1721,96,34
jM0zMtQqBc0,176,3,0
0KeD24KLmDo,11,0,0
9cAEJih1ftg,176,0,0
FTSFY0oDpnc,119,2,11
EonVI8Y8QnQ,971,48,21
pTqp7sg1zbU,104,8,11
-_GDNROzdOU,189,8,1
xLrg9watxto,1260,0,61
DrA5fHITnvg,71430,0,223
ZMtUbGh4FYE,16085,370,87
